# Blender 5.1.0
# www.blender.org
mtllib NPC_Copy2.mtl
o Cone
v -0.000000 0.250175 -1.000000
v 0.195090 0.250175 -0.980785
v 0.382683 0.250175 -0.923880
v 0.555570 0.250175 -0.831470
v 0.707107 0.250175 -0.707107
v 0.831470 0.250175 -0.555570
v 0.923879 0.250175 -0.382684
v 0.980785 0.211529 -0.195090
v 1.000000 0.211529 -0.000000
v 0.980785 0.211529 0.195090
v 0.923880 0.211529 0.382683
v 0.831470 0.211529 0.555570
v 0.707107 0.211529 0.707107
v 0.555570 0.211529 0.831470
v 0.382684 0.211529 0.923879
v 0.195090 0.211529 0.980785
v 0.000000 0.250175 1.000000
v -0.195090 0.250175 0.980785
v -0.382683 0.250175 0.923880
v -0.555570 0.250175 0.831470
v -0.707107 0.250175 0.707107
v -0.831470 0.250175 0.555570
v -0.923879 0.250175 0.382684
v -0.980785 0.250175 0.195090
v -1.000000 0.250175 0.000000
v -0.980785 0.250175 -0.195090
v -0.923880 0.250175 -0.382683
v -0.831470 0.250175 -0.555570
v -0.707107 0.250175 -0.707107
v -0.555570 0.250175 -0.831470
v -0.382684 0.250175 -0.923879
v -0.195090 0.250175 -0.980785
v -0.500000 1.250175 0.000000
v 0.115562 1.646220 -0.278991
v 0.057428 1.661443 0.288710
v 0.060664 1.666668 0.304980
v -0.210911 1.653629 -0.210911
v 0.302619 1.671751 0.060195
v -0.271877 1.661621 0.112615
v 0.168681 1.642941 -0.252448
v 0.000000 1.662409 0.293883
v -0.166258 1.651662 -0.248823
v 0.285812 1.670035 0.118387
v -0.289204 1.660436 0.057526
v 0.216038 1.639127 -0.216038
v -0.057268 1.663082 0.287906
v -0.114420 1.652189 -0.276233
v 0.256591 1.671643 0.171448
v 0.254354 1.638358 -0.169954
v -0.112267 1.663439 0.271037
v -0.058360 1.651887 -0.293396
v 0.218057 1.672107 0.218057
v -0.290130 1.658548 -0.057710
v 0.283099 1.637327 -0.117264
v -0.162979 1.663466 0.243916
v -0.295257 1.659661 0.000000
v 0.171509 1.671414 0.256681
v -0.273948 1.657136 -0.113473
v -0.000000 1.650764 -0.299706
v 0.301152 1.674911 -0.059903
v -0.207540 1.663163 0.207540
v 0.058656 1.648856 -0.294883
v 0.118469 1.669584 0.286009
v -0.247237 1.655477 -0.165198
v 0.307768 1.673397 -0.000000
v -0.244300 1.662541 0.163236
v 0.007282 1.617026 -0.373778
v 0.007282 1.692697 -0.373778
v 0.078341 1.617026 -0.366596
v 0.078341 1.692697 -0.366596
v 0.146670 1.617026 -0.345326
v 0.146670 1.692697 -0.345326
v 0.209642 1.617026 -0.310785
v 0.209642 1.692697 -0.310785
v 0.264837 1.617026 -0.264301
v 0.264837 1.692697 -0.264301
v 0.310135 1.617026 -0.207660
v 0.310135 1.692697 -0.207660
v 0.343794 1.617026 -0.143039
v 0.343794 1.692697 -0.143039
v 0.364521 1.617026 -0.072921
v 0.364521 1.692697 -0.072921
v 0.371520 1.617026 -0.000000
v 0.371520 1.692697 -0.000000
v 0.364521 1.617026 0.072920
v 0.364521 1.692697 0.072920
v 0.343794 1.617026 0.143039
v 0.343794 1.692697 0.143039
v 0.310135 1.617026 0.207660
v 0.310135 1.692697 0.207660
v 0.264837 1.617026 0.264301
v 0.264837 1.692697 0.264301
v 0.209642 1.617026 0.310785
v 0.209642 1.692697 0.310785
v 0.146670 1.617026 0.345326
v 0.146670 1.692697 0.345326
v 0.078341 1.617026 0.366596
v 0.078341 1.692697 0.366596
v 0.007282 1.617026 0.373778
v 0.007282 1.692697 0.373778
v -0.063777 1.617026 0.366596
v -0.063777 1.692697 0.366596
v -0.132105 1.617026 0.345326
v -0.132105 1.692697 0.345326
v -0.195077 1.617026 0.310785
v -0.195077 1.692697 0.310785
v -0.250273 1.617026 0.264301
v -0.250273 1.692697 0.264301
v -0.295570 1.617026 0.207660
v -0.295570 1.692697 0.207660
v -0.329229 1.617026 0.143039
v -0.329229 1.692697 0.143039
v -0.349957 1.617026 0.072921
v -0.349957 1.692697 0.072921
v -0.356955 1.617026 0.000000
v -0.356955 1.692697 0.000000
v -0.349957 1.617026 -0.072920
v -0.349957 1.692697 -0.072920
v -0.329229 1.617026 -0.143039
v -0.329229 1.692697 -0.143039
v -0.295570 1.617026 -0.207660
v -0.295570 1.692697 -0.207660
v -0.250273 1.617026 -0.264301
v -0.250273 1.692697 -0.264301
v -0.195077 1.617026 -0.310785
v -0.195077 1.692697 -0.310785
v -0.132105 1.617026 -0.345326
v -0.132105 1.692697 -0.345326
v -0.063777 1.617026 -0.366596
v -0.063777 1.692697 -0.366596
v -0.000000 0.015017 -1.000000
v -0.000000 0.272358 -1.000000
v 0.195090 0.015017 -0.980785
v 0.195090 0.272358 -0.980785
v 0.382683 0.015017 -0.923880
v 0.382683 0.272358 -0.923880
v 0.555570 0.015017 -0.831470
v 0.555570 0.272358 -0.831470
v 0.707107 0.015017 -0.707107
v 0.707107 0.272358 -0.707107
v 0.831470 0.015017 -0.555570
v 0.831470 0.272358 -0.555570
v 0.923879 0.015017 -0.382684
v 0.923879 0.272358 -0.382684
v 0.980785 0.015017 -0.195090
v 0.980785 0.272358 -0.195090
v 1.000000 0.015017 -0.000000
v 1.000000 0.272358 -0.000000
v 0.980785 0.015017 0.195090
v 0.980785 0.272358 0.195090
v 0.923880 0.015017 0.382683
v 0.923880 0.272358 0.382683
v 0.831470 0.015017 0.555570
v 0.831470 0.272358 0.555570
v 0.707107 0.015017 0.707107
v 0.707107 0.272358 0.707107
v 0.555570 0.015017 0.831470
v 0.555570 0.272358 0.831470
v 0.382684 0.015017 0.923879
v 0.382684 0.272358 0.923879
v 0.195090 0.015017 0.980785
v 0.195090 0.272358 0.980785
v 0.000000 0.015017 1.000000
v 0.000000 0.272358 1.000000
v -0.195090 0.015017 0.980785
v -0.195090 0.272358 0.980785
v -0.382683 0.015017 0.923880
v -0.382683 0.272358 0.923880
v -0.555570 0.015017 0.831470
v -0.555570 0.272358 0.831470
v -0.707107 0.015017 0.707107
v -0.707107 0.272358 0.707107
v -0.831470 0.015017 0.555570
v -0.831470 0.272358 0.555570
v -0.923879 0.015017 0.382684
v -0.923879 0.272358 0.382684
v -0.980785 0.015017 0.195090
v -0.980785 0.272358 0.195090
v -1.000000 0.015017 0.000000
v -1.000000 0.272358 0.000000
v -0.980785 0.015017 -0.195090
v -0.980785 0.272358 -0.195090
v -0.923880 0.015017 -0.382683
v -0.923880 0.272358 -0.382683
v -0.831470 0.015017 -0.555570
v -0.831470 0.272358 -0.555570
v -0.707107 0.015017 -0.707107
v -0.707107 0.272358 -0.707107
v -0.555570 0.015017 -0.831470
v -0.555570 0.272358 -0.831470
v -0.382684 0.015017 -0.923879
v -0.382684 0.272358 -0.923879
v -0.195090 0.015017 -0.980785
v -0.195090 0.272358 -0.980785
v 0.087500 1.912812 0.153125
v -0.087500 1.912812 0.153125
v 0.100000 1.898750 0.137500
v -0.100000 1.898750 0.137500
v 0.109375 1.890937 0.115625
v -0.109375 1.890937 0.115625
v 0.070313 1.875312 0.123437
v -0.070312 1.875312 0.123438
v 0.070313 1.886250 0.143750
v -0.070312 1.886250 0.143750
v 0.070313 1.906562 0.156250
v -0.070312 1.906562 0.156250
v 0.054688 1.912812 0.159375
v -0.054687 1.912812 0.159375
v 0.040625 1.898750 0.148438
v -0.040625 1.898750 0.148438
v 0.031250 1.890937 0.129688
v -0.031250 1.890937 0.129688
v 0.015625 1.928437 0.131250
v -0.015625 1.928437 0.131250
v 0.028125 1.928437 0.148438
v -0.028125 1.928437 0.148438
v 0.048438 1.928437 0.159375
v -0.048437 1.928437 0.159375
v 0.054688 1.945625 0.159375
v -0.054687 1.945625 0.159375
v 0.040625 1.958125 0.148438
v -0.040625 1.958125 0.148438
v 0.031250 1.967500 0.129688
v -0.031250 1.967500 0.129688
v 0.070313 1.983125 0.123437
v -0.070312 1.983125 0.123438
v 0.070313 1.970625 0.143750
v -0.070312 1.970625 0.143750
v 0.070313 1.951875 0.156250
v -0.070312 1.951875 0.156250
v 0.087500 1.945625 0.153125
v -0.087500 1.945625 0.153125
v 0.100000 1.958125 0.137500
v -0.100000 1.958125 0.137500
v 0.109375 1.967500 0.115625
v -0.109375 1.967500 0.115625
v 0.125000 1.928437 0.112500
v -0.125000 1.928437 0.112500
v 0.112500 1.928437 0.134375
v -0.112500 1.928437 0.134375
v 0.093750 1.928437 0.151562
v -0.093750 1.928437 0.151563
v 0.095313 1.928437 0.154687
v -0.095312 1.928437 0.154688
v 0.089063 1.947188 0.156250
v -0.089062 1.947188 0.156250
v 0.070313 1.955000 0.160938
v -0.070312 1.955000 0.160938
v 0.053125 1.947188 0.164062
v -0.053125 1.947188 0.164062
v 0.045313 1.928437 0.164062
v -0.045312 1.928437 0.164062
v 0.053125 1.911250 0.164062
v -0.053125 1.911250 0.164062
v 0.070313 1.928437 0.165625
v -0.070312 1.928437 0.165625
v 0.070313 1.903437 0.160938
v -0.070312 1.903437 0.160938
v 0.089063 1.911250 0.156250
v -0.089062 1.911250 0.156250
v 0.000000 1.965937 0.148438
v 0.000000 1.950312 0.164062
v 0.000000 1.744063 0.146875
v 0.000000 1.815938 0.156250
v 0.000000 1.842500 0.159375
v 0.000000 1.725312 0.143750
v 0.000000 1.961250 0.120313
v 0.000000 1.994063 0.114063
v -0.000000 2.059688 -0.109375
v -0.000000 1.992500 -0.170313
v -0.000000 1.894063 -0.165625
v -0.000000 1.803437 -0.070312
v 0.040625 1.842500 0.112500
v -0.040625 1.842500 0.112500
v 0.062500 1.792500 0.114062
v -0.062500 1.792500 0.114063
v 0.070313 1.740937 0.114062
v -0.070312 1.740937 0.114063
v 0.073438 1.701875 0.106250
v -0.073437 1.701875 0.106250
v 0.065625 1.690938 0.104687
v -0.065625 1.690938 0.104688
v 0.035938 1.686250 0.110937
v -0.035937 1.686250 0.110937
v 0.000000 1.683125 0.115625
v 0.087500 1.851875 0.106250
v -0.087500 1.851875 0.106250
v 0.126563 1.872187 0.107812
v -0.126562 1.872187 0.107813
v 0.165625 1.909688 0.089062
v -0.165625 1.909688 0.089063
v 0.171875 1.965937 0.118750
v -0.171875 1.965937 0.118750
v 0.142188 1.976875 0.125000
v -0.142187 1.976875 0.125000
v 0.098438 2.000313 0.137500
v -0.098437 2.000313 0.137500
v 0.064063 2.031563 0.146875
v -0.064062 2.031563 0.146875
v 0.031250 2.023750 0.151562
v -0.031250 2.023750 0.151562
v 0.012500 1.978438 0.150000
v -0.012500 1.978438 0.150000
v 0.032813 1.962813 0.154688
v -0.032812 1.962813 0.154688
v 0.025000 1.940938 0.153125
v -0.025000 1.940938 0.153125
v 0.040625 1.898750 0.148438
v -0.040625 1.898750 0.148438
v 0.075000 1.883125 0.140625
v -0.075000 1.883125 0.140625
v 0.098438 1.892500 0.134375
v -0.098437 1.892500 0.134375
v 0.125000 1.917500 0.129687
v -0.125000 1.917500 0.129688
v 0.128125 1.939375 0.129687
v -0.128125 1.939375 0.129688
v 0.120313 1.955000 0.132812
v -0.120312 1.955000 0.132813
v 0.085938 1.967500 0.143750
v -0.085937 1.967500 0.143750
v 0.050000 1.973750 0.151562
v -0.050000 1.973750 0.151562
v 0.000000 1.726875 0.146875
v 0.021875 1.736250 0.146875
v -0.021875 1.736250 0.146875
v 0.023438 1.712813 0.142188
v -0.023437 1.712813 0.142188
v 0.012500 1.703437 0.139063
v -0.012500 1.703437 0.139063
v 0.000000 1.701875 0.137500
v 0.000000 1.840937 0.150000
v 0.000000 1.851875 0.148438
v 0.020313 1.850312 0.148438
v -0.020312 1.850312 0.148438
v 0.025000 1.834687 0.150000
v -0.025000 1.834687 0.150000
v 0.017188 1.822188 0.148438
v -0.017187 1.822188 0.148438
v 0.079688 1.870625 0.134375
v -0.079687 1.870625 0.134375
v 0.123438 1.890937 0.125000
v -0.123437 1.890937 0.125000
v 0.145313 1.920625 0.120312
v -0.145312 1.920625 0.120313
v 0.148438 1.955000 0.131250
v -0.148437 1.955000 0.131250
v 0.137500 1.962813 0.145312
v -0.137500 1.962813 0.145313
v 0.087500 1.989375 0.159375
v -0.087500 1.989375 0.159375
v 0.062500 2.008125 0.167187
v -0.062500 2.008125 0.167187
v 0.040625 2.003438 0.170313
v -0.040625 2.003438 0.170313
v 0.020313 1.965937 0.168750
v -0.020312 1.965937 0.168750
v 0.025000 1.859687 0.162500
v -0.025000 1.859687 0.162500
v 0.042188 1.790938 0.142188
v -0.042187 1.790938 0.142188
v 0.050000 1.739375 0.137500
v -0.050000 1.739375 0.137500
v 0.053125 1.715937 0.132812
v -0.053125 1.715937 0.132812
v 0.046875 1.697188 0.126563
v -0.046875 1.697188 0.126563
v 0.032813 1.694062 0.126563
v -0.032812 1.694062 0.126563
v 0.000000 1.690938 0.128125
v 0.000000 1.889375 0.145313
v 0.000000 1.922187 0.153125
v 0.065625 1.975312 0.148438
v -0.065625 1.975312 0.148438
v 0.032813 1.908125 0.150000
v -0.032812 1.908125 0.150000
v 0.026563 1.922187 0.151562
v -0.026562 1.922187 0.151562
v 0.023438 1.742500 0.146875
v -0.023437 1.742500 0.146875
v 0.015625 1.790938 0.150000
v -0.015625 1.790938 0.150000
v 0.000000 1.790938 0.150000
v 0.000000 1.814375 0.148438
v 0.018750 1.825312 0.156250
v -0.018750 1.825312 0.156250
v 0.026563 1.834687 0.159375
v -0.026562 1.834687 0.159375
v 0.021875 1.853438 0.156250
v -0.021875 1.853438 0.156250
v 0.007813 1.855000 0.156250
v -0.007812 1.855000 0.156250
v 0.000000 1.839375 0.165625
v 0.009375 1.850312 0.162500
v -0.009375 1.850312 0.162500
v 0.018750 1.848750 0.162500
v -0.018750 1.848750 0.162500
v 0.021875 1.834687 0.165625
v -0.021875 1.834687 0.165625
v 0.015625 1.830000 0.160938
v -0.015625 1.830000 0.160938
v 0.000000 1.822188 0.160938
v 0.051563 1.817500 0.110937
v -0.051562 1.817500 0.110938
v 0.032813 1.831563 0.142188
v -0.032812 1.831563 0.142188
v 0.035938 1.817500 0.142188
v -0.035937 1.817500 0.142188
v 0.046875 1.830000 0.110937
v -0.046875 1.830000 0.110938
v 0.000000 1.705000 0.137500
v 0.009375 1.706563 0.137500
v -0.009375 1.706563 0.137500
v 0.018750 1.715937 0.142188
v -0.018750 1.715937 0.142188
v 0.018750 1.731562 0.145313
v -0.018750 1.731562 0.145313
v 0.000000 1.723750 0.131250
v 0.018750 1.730000 0.132812
v -0.018750 1.730000 0.132812
v 0.018750 1.717500 0.128125
v -0.018750 1.717500 0.128125
v 0.009375 1.709687 0.126563
v -0.009375 1.709687 0.126563
v 0.000000 1.708125 0.126563
v 0.034375 1.923750 0.156250
v -0.034375 1.923750 0.156250
v 0.037500 1.911250 0.154688
v -0.037500 1.911250 0.154688
v 0.067188 1.965937 0.151562
v -0.067187 1.965937 0.151562
v 0.054688 1.964375 0.154688
v -0.054687 1.964375 0.154688
v 0.084375 1.959687 0.154688
v -0.084375 1.959687 0.154688
v 0.112500 1.950312 0.139062
v -0.112500 1.950312 0.139063
v 0.117188 1.937812 0.137500
v -0.117187 1.937812 0.137500
v 0.115625 1.919062 0.135937
v -0.115625 1.919062 0.135938
v 0.095313 1.900313 0.143750
v -0.095312 1.900313 0.143750
v 0.075000 1.892500 0.148438
v -0.075000 1.892500 0.148438
v 0.045313 1.901875 0.156250
v -0.045312 1.901875 0.156250
v 0.035938 1.939375 0.156250
v -0.035937 1.939375 0.156250
v 0.042188 1.955000 0.156250
v -0.042187 1.955000 0.156250
v 0.046875 1.951875 0.151562
v -0.046875 1.951875 0.151562
v 0.039063 1.939375 0.151562
v -0.039062 1.939375 0.151562
v 0.048438 1.905000 0.151562
v -0.048437 1.905000 0.151562
v 0.075000 1.897187 0.145313
v -0.075000 1.897187 0.145313
v 0.092188 1.903437 0.140625
v -0.092187 1.903437 0.140625
v 0.109375 1.922187 0.134375
v -0.109375 1.922187 0.134375
v 0.110938 1.936250 0.134375
v -0.110937 1.936250 0.134375
v 0.106250 1.947188 0.135937
v -0.106250 1.947188 0.135938
v 0.082813 1.958125 0.150000
v -0.082812 1.958125 0.150000
v 0.056250 1.959687 0.153125
v -0.056250 1.959687 0.153125
v 0.067188 1.961250 0.150000
v -0.067187 1.961250 0.150000
v 0.040625 1.914375 0.150000
v -0.040625 1.914375 0.150000
v 0.039063 1.925313 0.150000
v -0.039062 1.925313 0.150000
v 0.021875 1.972188 0.121875
v -0.021875 1.972188 0.121875
v 0.039063 2.012813 0.123438
v -0.039062 2.012813 0.123438
v 0.067188 2.017500 0.118750
v -0.067187 2.017500 0.118750
v 0.096875 1.990937 0.110937
v -0.096875 1.990937 0.110938
v 0.135938 1.970625 0.098437
v -0.135937 1.970625 0.098438
v 0.159375 1.961250 0.092187
v -0.159375 1.961250 0.092188
v 0.154688 1.912812 0.075000
v -0.154688 1.912812 0.075000
v 0.120313 1.880000 0.082812
v -0.120312 1.880000 0.082813
v 0.087500 1.861250 0.093750
v -0.087500 1.861250 0.093750
v 0.000000 2.059688 0.057813
v -0.000000 2.076875 -0.015625
v -0.000000 1.840937 -0.134375
v 0.000000 1.787812 0.037500
v 0.000000 1.684687 0.092188
v 0.000000 1.719062 0.068750
v 0.000000 1.765937 0.064062
v 0.000000 1.783125 0.056250
v 0.170313 1.926875 0.010937
v -0.170313 1.926875 0.010938
v 0.171875 1.944062 -0.009375
v -0.171875 1.944062 -0.009375
v 0.154687 1.933125 -0.087500
v -0.154688 1.933125 -0.087500
v 0.092187 1.967500 -0.140625
v -0.092188 1.967500 -0.140625
v 0.146875 1.870625 0.014062
v -0.146875 1.870625 0.014063
v 0.118750 1.855000 -0.032813
v -0.118750 1.855000 -0.032812
v 0.128125 1.878438 -0.085938
v -0.128125 1.878438 -0.085937
v 0.067187 1.890937 -0.132812
v -0.067188 1.890937 -0.132812
v 0.046875 1.809687 0.081250
v -0.046875 1.809687 0.081250
v 0.035938 1.797187 0.051562
v -0.035937 1.797187 0.051563
v 0.057813 1.737813 0.076562
v -0.057812 1.737813 0.076563
v 0.050000 1.780000 0.078125
v -0.050000 1.780000 0.078125
v 0.065625 1.697188 0.079687
v -0.065625 1.697188 0.079688
v 0.028125 1.728438 0.073438
v -0.028125 1.728438 0.073438
v 0.025000 1.772187 0.071875
v -0.025000 1.772187 0.071875
v 0.032813 1.690938 0.087500
v -0.032812 1.690938 0.087500
v 0.043750 1.823750 0.085937
v -0.043750 1.823750 0.085938
v 0.042188 1.834687 0.093750
v -0.042187 1.834687 0.093750
v 0.040625 1.845625 0.100000
v -0.040625 1.845625 0.100000
v 0.042188 1.801875 0.032812
v -0.042187 1.801875 0.032813
v 0.059375 1.817500 -0.053125
v -0.059375 1.817500 -0.053125
v 0.068750 1.850312 -0.107813
v -0.068750 1.850312 -0.107812
v 0.090625 2.053437 -0.076563
v -0.090625 2.053437 -0.076562
v 0.090625 2.065938 -0.014063
v -0.090625 2.065938 -0.014062
v 0.090625 2.050313 0.046875
v -0.090625 2.050313 0.046875
v 0.092188 1.984687 0.085937
v -0.092187 1.984687 0.085938
v 0.145313 1.961250 0.067187
v -0.145313 1.961250 0.067188
v 0.126563 1.970625 0.056250
v -0.126563 1.970625 0.056250
v 0.128125 2.020625 0.010937
v -0.128125 2.020625 0.010938
v 0.159375 1.992500 0.025000
v -0.159375 1.992500 0.025000
v 0.159375 2.003438 -0.023438
v -0.159375 2.003438 -0.023437
v 0.128125 2.030000 -0.039063
v -0.128125 2.030000 -0.039062
v 0.128125 2.015938 -0.089063
v -0.128125 2.015938 -0.089062
v 0.159375 1.987813 -0.071875
v -0.159375 1.987813 -0.071875
v 0.123437 1.945625 -0.117188
v -0.123438 1.945625 -0.117187
v 0.096875 1.884688 -0.109375
v -0.096875 1.884688 -0.109375
v 0.164062 1.945625 -0.040625
v -0.164062 1.945625 -0.040625
v 0.081250 1.845625 0.029687
v -0.081250 1.845625 0.029688
v 0.085938 1.840937 -0.042188
v -0.085938 1.840937 -0.042187
v 0.178125 1.961250 -0.046875
v -0.178125 1.961250 -0.046875
v 0.154688 1.851875 -0.025000
v -0.154688 1.851875 -0.025000
v 0.207813 1.859687 -0.065625
v -0.207813 1.859687 -0.065625
v 0.256250 1.890937 -0.085938
v -0.256250 1.890937 -0.085937
v 0.270313 1.944062 -0.084375
v -0.270313 1.944062 -0.084375
v 0.246875 1.981562 -0.084375
v -0.246875 1.981562 -0.084375
v 0.204688 1.975312 -0.062500
v -0.204688 1.975312 -0.062500
v 0.203125 1.962813 -0.057813
v -0.203125 1.962813 -0.057812
v 0.237500 1.967500 -0.078125
v -0.237500 1.967500 -0.078125
v 0.253125 1.937812 -0.081250
v -0.253125 1.937812 -0.081250
v 0.242188 1.895625 -0.081250
v -0.242188 1.895625 -0.081250
v 0.206250 1.872187 -0.060938
v -0.206250 1.872187 -0.060937
v 0.165625 1.865937 -0.026563
v -0.165625 1.865937 -0.026562
v 0.184375 1.951875 -0.043750
v -0.184375 1.951875 -0.043750
v 0.189063 1.940938 -0.057813
v -0.189063 1.940938 -0.057812
v 0.176563 1.875312 -0.042188
v -0.176563 1.875312 -0.042187
v 0.207813 1.880000 -0.073438
v -0.207813 1.880000 -0.073437
v 0.237500 1.898750 -0.089063
v -0.237500 1.898750 -0.089062
v 0.246875 1.930000 -0.089063
v -0.246875 1.930000 -0.089062
v 0.234375 1.951875 -0.087500
v -0.234375 1.951875 -0.087500
v 0.204688 1.948750 -0.071875
v -0.204688 1.948750 -0.071875
v 0.168750 1.937812 -0.042188
v -0.168750 1.937812 -0.042187
v 0.167187 1.914375 -0.054688
v -0.167187 1.914375 -0.054687
v 0.151562 1.898750 -0.054688
v -0.151562 1.898750 -0.054687
v 0.164062 1.897187 -0.054688
v -0.164062 1.897187 -0.054687
v 0.168750 1.883125 -0.054688
v -0.168750 1.883125 -0.054687
v 0.162500 1.876875 -0.054688
v -0.162500 1.876875 -0.054687
v 0.145313 1.880000 -0.014063
v -0.145313 1.880000 -0.014062
v 0.143750 1.875312 -0.034375
v -0.143750 1.875312 -0.034375
v 0.143750 1.887812 -0.037500
v -0.143750 1.887812 -0.037500
v 0.159375 1.920625 -0.042188
v -0.159375 1.920625 -0.042187
v 0.178125 1.928437 -0.053125
v -0.178125 1.928437 -0.053125
v 0.178125 1.926875 -0.064063
v -0.178125 1.926875 -0.064062
v 0.162500 1.876875 -0.064063
v -0.162500 1.876875 -0.064062
v 0.170313 1.883125 -0.064063
v -0.170313 1.883125 -0.064062
v 0.165625 1.895625 -0.064063
v -0.165625 1.895625 -0.064062
v 0.153125 1.898750 -0.064063
v -0.153125 1.898750 -0.064062
v 0.168750 1.914375 -0.064063
v -0.168750 1.914375 -0.064062
v 0.207813 1.945625 -0.082813
v -0.207813 1.945625 -0.082812
v 0.237500 1.948750 -0.096875
v -0.237500 1.948750 -0.096875
v 0.251563 1.928437 -0.098438
v -0.251563 1.928437 -0.098437
v 0.242187 1.897187 -0.096875
v -0.242188 1.897187 -0.096875
v 0.209375 1.880000 -0.084375
v -0.209375 1.880000 -0.084375
v 0.176563 1.876875 -0.053125
v -0.176563 1.876875 -0.053125
v 0.190625 1.937812 -0.068750
v -0.190625 1.937812 -0.068750
v 0.178125 1.901875 -0.065625
v -0.178125 1.901875 -0.065625
v 0.187500 1.892500 -0.067188
v -0.187500 1.892500 -0.067187
v 0.200000 1.905000 -0.073438
v -0.200000 1.905000 -0.073437
v 0.192188 1.914375 -0.070313
v -0.192188 1.914375 -0.070312
v 0.203125 1.926875 -0.075000
v -0.203125 1.926875 -0.075000
v 0.210938 1.917500 -0.076563
v -0.210938 1.917500 -0.076562
v 0.221875 1.922187 -0.078125
v -0.221875 1.922187 -0.078125
v 0.217188 1.934687 -0.078125
v -0.217188 1.934687 -0.078125
v 0.204687 1.967500 -0.096875
v -0.204688 1.967500 -0.096875
v 0.250000 1.973750 -0.109375
v -0.250000 1.973750 -0.109375
v 0.273438 1.939375 -0.100000
v -0.273438 1.939375 -0.100000
v 0.262500 1.890937 -0.106250
v -0.262500 1.890937 -0.106250
v 0.207812 1.862813 -0.098438
v -0.207813 1.862813 -0.098437
v 0.157813 1.855000 -0.065625
v -0.157813 1.855000 -0.065625
v 0.171875 1.956563 -0.076563
v -0.171875 1.956563 -0.076562
vn -0.0000 0.4472 -0.8944
vn 0.1722 0.4472 -0.8777
vn 0.1745 0.4472 -0.8772
vn 0.3395 0.4472 -0.8275
vn 0.3423 0.4472 -0.8263
vn 0.4939 0.4472 -0.7457
vn 0.4969 0.4472 -0.7437
vn 0.6308 0.4472 -0.6341
vn 0.6325 0.4472 -0.6325
vn 0.7432 0.4472 -0.4977
vn 0.7437 0.4472 -0.4969
vn 0.7815 0.4232 -0.4584
vn 0.8447 0.4466 -0.2951
vn 0.8911 0.4333 -0.1347
vn 0.9038 0.4280 -0.0016
vn 0.9038 0.4280 -0.0000
vn 0.8868 0.4280 0.1747
vn 0.8864 0.4280 0.1763
vn 0.8350 0.4280 0.3458
vn 0.8350 0.4280 0.3459
vn 0.7515 0.4280 0.5021
vn 0.7509 0.4280 0.5030
vn 0.6391 0.4280 0.6391
vn 0.5032 0.4280 0.7508
vn 0.5021 0.4280 0.7515
vn 0.3481 0.4280 0.8341
vn 0.3459 0.4280 0.8350
vn 0.0409 0.7101 0.7029
vn 0.2204 0.4275 0.8767
vn -0.1371 0.5189 0.8438
vn 0.0453 0.4402 0.8967
vn -0.1745 0.4472 0.8772
vn -0.1750 0.4472 0.8771
vn -0.3423 0.4472 0.8263
vn -0.3425 0.4472 0.8263
vn -0.4969 0.4472 0.7437
vn -0.6321 0.4472 0.6328
vn -0.6325 0.4472 0.6325
vn -0.7432 0.4472 0.4976
vn -0.7437 0.4472 0.4969
vn -0.8259 0.4472 0.3433
vn -0.8263 0.4472 0.3423
vn -0.8770 0.4472 0.1755
vn -0.8772 0.4472 0.1745
vn -0.8944 0.4472 -0.0000
vn -0.8775 0.4472 -0.1732
vn -0.8772 0.4472 -0.1745
vn -0.8270 0.4472 -0.3408
vn -0.8263 0.4472 -0.3423
vn -0.7447 0.4472 -0.4954
vn -0.7437 0.4472 -0.4969
vn -0.6339 0.4472 -0.6310
vn -0.6325 0.4472 -0.6325
vn -0.4975 0.4472 -0.7433
vn -0.4969 0.4472 -0.7437
vn -0.3423 0.4472 -0.8263
vn -0.0298 -0.9985 0.0458
vn -0.0200 -0.9998 -0.0028
vn -0.0103 -0.9998 -0.0174
vn -0.1752 0.4472 -0.8771
vn -0.1745 0.4472 -0.8772
vn -0.0016 0.4472 -0.8944
vn -0.0000 -0.0000 -1.0000
vn 0.1999 -0.0000 -0.9798
vn 0.3910 -0.0000 -0.9204
vn 0.5653 -0.0000 -0.8249
vn 0.7160 -0.0000 -0.6981
vn 0.8379 -0.0000 -0.5458
vn 0.9272 -0.0000 -0.3745
vn 0.9817 -0.0000 -0.1904
vn 1.0000 -0.0000 -0.0000
vn 0.9817 -0.0000 0.1904
vn 0.9272 -0.0000 0.3745
vn 0.8379 -0.0000 0.5458
vn 0.7160 -0.0000 0.6981
vn 0.5653 -0.0000 0.8249
vn 0.3910 -0.0000 0.9204
vn 0.1999 -0.0000 0.9798
vn -0.0000 -0.0000 1.0000
vn -0.1999 -0.0000 0.9798
vn -0.3910 -0.0000 0.9204
vn -0.5653 -0.0000 0.8249
vn -0.7160 -0.0000 0.6981
vn -0.8379 -0.0000 0.5458
vn -0.9272 -0.0000 0.3745
vn -0.9817 -0.0000 0.1904
vn -1.0000 -0.0000 -0.0000
vn -0.9817 -0.0000 -0.1904
vn -0.9272 -0.0000 -0.3745
vn -0.8379 -0.0000 -0.5458
vn -0.7160 -0.0000 -0.6981
vn -0.5653 -0.0000 -0.8249
vn -0.3910 -0.0000 -0.9204
vn -0.0000 1.0000 -0.0000
vn -0.1999 -0.0000 -0.9798
vn -0.0000 -1.0000 -0.0000
vn 0.1951 -0.0000 -0.9808
vn 0.3827 -0.0000 -0.9239
vn 0.5556 -0.0000 -0.8315
vn 0.7071 -0.0000 -0.7071
vn 0.8315 -0.0000 -0.5556
vn 0.9239 -0.0000 -0.3827
vn 0.9808 -0.0000 -0.1951
vn 0.9808 -0.0000 0.1951
vn 0.9239 -0.0000 0.3827
vn 0.8315 -0.0000 0.5556
vn 0.7071 -0.0000 0.7071
vn 0.5556 -0.0000 0.8315
vn 0.3827 -0.0000 0.9239
vn 0.1951 -0.0000 0.9808
vn -0.1951 -0.0000 0.9808
vn -0.3827 -0.0000 0.9239
vn -0.5556 -0.0000 0.8315
vn -0.7071 -0.0000 0.7071
vn -0.8315 -0.0000 0.5556
vn -0.9239 -0.0000 0.3827
vn -0.9808 -0.0000 0.1951
vn -0.9808 -0.0000 -0.1951
vn -0.9239 -0.0000 -0.3827
vn -0.8315 -0.0000 -0.5556
vn -0.7071 -0.0000 -0.7071
vn -0.5556 -0.0000 -0.8315
vn -0.3827 -0.0000 -0.9239
vn -0.1951 -0.0000 -0.9808
vn 0.6656 -0.2004 0.7189
vn 0.6655 -0.2005 0.7190
vn 0.6617 -0.2026 0.7219
vn -0.6655 -0.2005 0.7190
vn -0.6656 -0.2004 0.7189
vn -0.6617 -0.2026 0.7219
vn 0.8288 -0.3039 0.4698
vn 0.8302 -0.3031 0.4678
vn 0.8268 -0.3051 0.4725
vn -0.8302 -0.3031 0.4678
vn -0.8288 -0.3039 0.4698
vn -0.8268 -0.3051 0.4725
vn 0.4133 -0.7925 0.4484
vn 0.4187 -0.7944 0.4400
vn 0.4076 -0.7905 0.4570
vn -0.4187 -0.7944 0.4400
vn -0.4133 -0.7925 0.4484
vn -0.4076 -0.7905 0.4570
vn 0.3583 -0.5082 0.7832
vn 0.3565 -0.5075 0.7845
vn 0.3791 -0.5163 0.7679
vn -0.3565 -0.5075 0.7845
vn -0.3583 -0.5082 0.7832
vn -0.3791 -0.5163 0.7679
vn -0.0779 -0.5414 0.8372
vn -0.0771 -0.5431 0.8361
vn -0.0859 -0.5222 0.8485
vn 0.0771 -0.5431 0.8361
vn 0.0779 -0.5414 0.8372
vn 0.0859 -0.5222 0.8485
vn -0.2686 -0.8437 0.4649
vn -0.2710 -0.8382 0.4732
vn -0.2664 -0.8487 0.4570
vn 0.2710 -0.8382 0.4732
vn 0.2686 -0.8437 0.4649
vn 0.2664 -0.8487 0.4570
vn -0.7674 -0.3368 0.5456
vn -0.7743 -0.3334 0.5378
vn -0.7824 -0.3294 0.5285
vn 0.7674 -0.3368 0.5456
vn 0.7743 -0.3334 0.5378
vn 0.7606 -0.3400 0.5531
vn -0.4688 -0.1937 0.8618
vn -0.4686 -0.1932 0.8620
vn -0.4706 -0.1981 0.8598
vn 0.4686 -0.1932 0.8620
vn 0.4688 -0.1937 0.8618
vn 0.4706 -0.1981 0.8598
vn -0.4772 0.1905 0.8579
vn -0.4796 0.1895 0.8568
vn -0.4649 0.1958 0.8634
vn 0.4796 0.1895 0.8568
vn 0.4772 0.1905 0.8579
vn 0.4649 0.1958 0.8634
vn -0.7676 0.3273 0.5511
vn -0.7667 0.3251 0.5536
vn -0.7656 0.3223 0.5568
vn 0.7676 0.3273 0.5511
vn 0.7667 0.3251 0.5536
vn 0.7683 0.3293 0.5488
vn -0.2510 0.8196 0.5150
vn -0.2532 0.8143 0.5223
vn -0.2560 0.8073 0.5317
vn 0.2510 0.8196 0.5150
vn 0.2532 0.8143 0.5223
vn 0.2487 0.8249 0.5076
vn -0.0946 0.5706 0.8158
vn -0.0932 0.5740 0.8135
vn -0.0821 0.6023 0.7940
vn 0.0946 0.5706 0.8158
vn 0.0932 0.5740 0.8135
vn 0.1017 0.5518 0.8277
vn 0.3659 0.5367 0.7604
vn 0.3623 0.5352 0.7630
vn 0.3329 0.5231 0.7846
vn -0.3659 0.5367 0.7604
vn -0.3623 0.5352 0.7630
vn -0.3861 0.5446 0.7445
vn 0.4119 0.7664 0.4929
vn 0.4171 0.7684 0.4854
vn 0.4246 0.7711 0.4745
vn -0.4119 0.7664 0.4929
vn -0.4171 0.7684 0.4854
vn -0.4059 0.7641 0.5014
vn 0.8283 0.2950 0.4764
vn 0.8271 0.2956 0.4781
vn 0.8251 0.2968 0.4808
vn -0.8283 0.2950 0.4764
vn -0.8271 0.2956 0.4781
vn -0.8299 0.2940 0.4742
vn 0.6726 0.1964 0.7135
vn 0.6730 0.1961 0.7131
vn 0.6888 0.1868 0.7005
vn -0.6726 0.1964 0.7135
vn -0.6730 0.1961 0.7131
vn -0.6617 0.2026 0.7219
vn 0.7880 0.3098 -0.5321
vn 0.8334 0.3392 -0.4363
vn 0.8400 0.3436 -0.4200
vn -0.7880 0.3098 -0.5321
vn -0.8334 0.3392 -0.4363
vn -0.7816 0.3058 -0.5437
vn 0.2040 0.8162 -0.5405
vn 0.2067 0.8270 -0.5229
vn 0.2074 0.8296 -0.5185
vn -0.2040 0.8162 -0.5405
vn -0.2067 0.8270 -0.5229
vn -0.2036 0.8146 -0.5431
vn -0.4331 0.7932 -0.4282
vn -0.4120 0.7683 -0.4899
vn -0.4056 0.7605 -0.5070
vn 0.4331 0.7932 -0.4282
vn 0.4120 0.7683 -0.4899
vn 0.4381 0.7988 -0.4123
vn -0.7988 0.3261 -0.5056
vn -0.8503 0.3175 -0.4197
vn -0.8642 0.3143 -0.3928
vn 0.7988 0.3261 -0.5056
vn 0.8503 0.3175 -0.4197
vn 0.7861 0.3276 -0.5241
vn -0.7909 -0.3522 -0.5004
vn -0.8377 -0.3441 -0.4240
vn -0.7783 -0.3537 -0.5188
vn 0.8377 -0.3441 -0.4240
vn 0.7909 -0.3522 -0.5004
vn 0.7783 -0.3537 -0.5188
vn -0.4331 -0.7932 -0.4281
vn -0.4120 -0.7683 -0.4899
vn -0.4381 -0.7988 -0.4123
vn 0.4120 -0.7683 -0.4899
vn 0.4331 -0.7932 -0.4281
vn 0.4381 -0.7988 -0.4123
vn 0.2040 -0.8162 -0.5405
vn 0.2067 -0.8270 -0.5228
vn 0.2036 -0.8146 -0.5431
vn -0.2067 -0.8270 -0.5228
vn -0.2041 -0.8162 -0.5405
vn -0.2037 -0.8146 -0.5431
vn 0.7757 -0.3344 -0.5352
vn 0.8223 -0.3678 -0.4342
vn 0.7683 -0.3293 -0.5488
vn -0.8223 -0.3678 -0.4342
vn -0.7757 -0.3344 -0.5352
vn -0.7683 -0.3293 -0.5488
vn 0.4000 -0.0623 0.9144
vn -0.4000 -0.0623 0.9144
vn 0.3069 -0.1754 0.9354
vn -0.3069 -0.1754 0.9354
vn 0.0945 -0.1835 0.9785
vn -0.0945 -0.1835 0.9785
vn -0.0624 -0.0283 0.9977
vn 0.0624 -0.0283 0.9977
vn -0.0624 0.0260 0.9977
vn 0.0624 0.0260 0.9977
vn 0.0996 0.1729 0.9799
vn -0.0996 0.1729 0.9799
vn 0.3036 0.1656 0.9383
vn -0.3036 0.1656 0.9383
vn 0.4002 0.0572 0.9147
vn -0.4002 0.0572 0.9147
vn 0.1293 -0.8677 0.4799
vn 0.1149 -0.8533 0.5086
vn 0.1367 -0.8748 0.4648
vn -0.1293 -0.8677 0.4799
vn -0.1149 -0.8533 0.5086
vn -0.1054 -0.8433 0.5270
vn 0.2138 -0.8643 0.4554
vn 0.2155 -0.8644 0.4542
vn 0.2303 -0.8656 0.4447
vn -0.2138 -0.8643 0.4554
vn -0.2155 -0.8644 0.4542
vn -0.1916 -0.8620 0.4693
vn 0.5855 -0.4766 0.6557
vn 0.5924 -0.4440 0.6722
vn 0.5788 -0.5049 0.6404
vn -0.5924 -0.4440 0.6722
vn -0.5855 -0.4766 0.6557
vn -0.5788 -0.5049 0.6404
vn 0.7681 -0.0492 0.6385
vn 0.7672 -0.0477 0.6396
vn 0.7763 -0.0633 0.6272
vn -0.7672 -0.0477 0.6396
vn -0.7681 -0.0492 0.6385
vn -0.7763 -0.0633 0.6272
vn 0.7875 0.0841 0.6106
vn 0.7700 0.0971 0.6307
vn 0.7471 0.1132 0.6550
vn -0.7700 0.0971 0.6307
vn -0.7875 0.0841 0.6106
vn -0.7471 0.1132 0.6550
vn 0.3258 -0.8194 0.4717
vn 0.3023 -0.8103 0.5020
vn 0.3747 -0.8345 0.4040
vn -0.3023 -0.8103 0.5020
vn -0.3258 -0.8194 0.4717
vn -0.3747 -0.8345 0.4040
vn 0.3962 -0.6365 0.6617
vn 0.3787 -0.6796 0.6283
vn 0.3557 -0.7290 0.5848
vn -0.3962 -0.6365 0.6617
vn -0.3787 -0.6796 0.6283
vn -0.4177 -0.5751 0.7034
vn 0.6909 -0.4194 0.5889
vn 0.6891 -0.4193 0.5910
vn 0.6947 -0.4197 0.5841
vn -0.6891 -0.4193 0.5910
vn -0.6909 -0.4194 0.5889
vn -0.6947 -0.4197 0.5841
vn 0.6299 -0.3452 0.6958
vn 0.6676 -0.3691 0.6466
vn 0.7028 -0.3915 0.5939
vn -0.6299 -0.3452 0.6958
vn -0.6676 -0.3691 0.6466
vn -0.5537 -0.2978 0.7777
vn 0.5708 0.3722 0.7319
vn 0.5947 0.3733 0.7120
vn 0.3127 0.3425 0.8860
vn -0.5708 0.3722 0.7319
vn -0.5947 0.3733 0.7120
vn -0.8227 0.3606 0.4395
vn 0.5053 0.6457 0.5725
vn 0.5077 0.6473 0.5686
vn 0.5091 0.6482 0.5663
vn -0.5053 0.6457 0.5725
vn -0.5077 0.6473 0.5686
vn -0.5041 0.6448 0.5745
vn 0.6067 0.5259 0.5961
vn 0.6102 0.5130 0.6037
vn 0.5977 0.5565 0.5771
vn -0.6102 0.5130 0.6037
vn -0.6067 0.5259 0.5961
vn -0.5977 0.5565 0.5771
vn -0.0438 0.6612 0.7489
vn -0.0433 0.6618 0.7484
vn -0.0486 0.6560 0.7532
vn 0.0438 0.6612 0.7489
vn 0.0433 0.6618 0.7484
vn 0.0371 0.6685 0.7428
vn -0.7309 0.3428 0.5901
vn -0.7197 0.3015 0.6254
vn -0.7104 0.2715 0.6494
vn 0.7309 0.3428 0.5901
vn 0.7197 0.3015 0.6254
vn 0.7386 0.3768 0.5590
vn -0.5892 0.5529 0.5892
vn -0.5883 0.5548 0.5883
vn -0.6013 0.5261 0.6013
vn 0.5892 0.5529 0.5892
vn 0.5883 0.5548 0.5883
vn 0.5774 0.5774 0.5773
vn 0.5354 -0.4091 0.7389
vn 0.5342 -0.4346 0.7251
vn 0.5070 -0.6281 0.5903
vn -0.5354 -0.4091 0.7389
vn -0.5342 -0.4346 0.7251
vn -0.5364 -0.3230 0.7797
vn 0.2196 -0.4687 0.8556
vn 0.2214 -0.4691 0.8549
vn 0.2226 -0.4694 0.8545
vn -0.2214 -0.4691 0.8549
vn -0.2195 -0.4688 0.8556
vn -0.2226 -0.4694 0.8545
vn -0.0799 -0.5316 0.8432
vn -0.0690 -0.5434 0.8367
vn -0.0348 -0.5792 0.8144
vn 0.0799 -0.5316 0.8432
vn 0.0690 -0.5434 0.8367
vn 0.1074 -0.5010 0.8588
vn -0.0857 -0.7092 0.6998
vn -0.0802 -0.6233 0.7779
vn -0.0899 -0.7843 0.6138
vn 0.0857 -0.7092 0.6998
vn 0.0802 -0.6233 0.7778
vn 0.0770 -0.5759 0.8139
vn 0.0430 -0.6314 0.7743
vn 0.0481 -0.4969 0.8665
vn 0.0547 -0.1695 0.9840
vn -0.0430 -0.6314 0.7743
vn -0.0481 -0.4969 0.8665
vn -0.0279 -0.8645 0.5019
vn 0.3114 -0.1810 0.9329
vn 0.2711 -0.2200 0.9371
vn 0.4260 -0.0609 0.9027
vn -0.3114 -0.1810 0.9329
vn -0.2711 -0.2200 0.9371
vn -0.1687 -0.3128 0.9347
vn 0.3656 -0.1826 0.9127
vn 0.4031 -0.1820 0.8969
vn 0.3352 -0.1828 0.9243
vn -0.3656 -0.1826 0.9127
vn -0.4031 -0.1820 0.8969
vn -0.4350 -0.1812 0.8820
vn 0.3475 -0.2979 0.8891
vn 0.3294 -0.2823 0.9010
vn 0.3579 -0.3068 0.8819
vn -0.3475 -0.2979 0.8891
vn -0.3294 -0.2823 0.9010
vn -0.3223 -0.2762 0.9054
vn 0.3591 0.0999 0.9279
vn 0.4347 -0.0910 0.8960
vn 0.3069 0.2113 0.9280
vn -0.3591 0.0999 0.9279
vn -0.4347 -0.0910 0.8960
vn -0.4815 -0.2408 0.8427
vn -0.0975 0.0922 0.9910
vn -0.1370 0.2768 0.9511
vn -0.1598 0.3903 0.9067
vn 0.1370 0.2768 0.9511
vn 0.0975 0.0922 0.9910
vn 0.1598 0.3903 0.9067
vn 0.4280 -0.4200 0.8003
vn 0.4154 -0.4248 0.8043
vn 0.6819 -0.2915 0.6709
vn -0.4280 -0.4200 0.8003
vn -0.4154 -0.4248 0.8043
vn -0.1854 -0.4956 0.8485
vn 0.1648 -0.2198 0.9615
vn 0.1840 -0.2453 0.9518
vn 0.0585 -0.0781 0.9952
vn -0.1840 -0.2453 0.9518
vn -0.1648 -0.2198 0.9615
vn -0.0585 -0.0781 0.9952
vn 0.0221 -0.1674 0.9856
vn 0.0103 -0.1940 0.9810
vn -0.0066 -0.2316 0.9728
vn -0.0221 -0.1674 0.9856
vn -0.0103 -0.1940 0.9810
vn -0.0585 -0.0845 0.9947
vn 0.0640 -0.6926 0.7185
vn 0.0529 -0.6870 0.7247
vn 0.1008 -0.7103 0.6966
vn -0.0529 -0.6870 0.7247
vn -0.0640 -0.6926 0.7185
vn -0.1008 -0.7103 0.6966
vn 0.2118 -0.5610 0.8003
vn 0.1590 -0.5839 0.7961
vn 0.1322 -0.5947 0.7930
vn -0.1590 -0.5839 0.7961
vn -0.2118 -0.5610 0.8003
vn -0.1322 -0.5947 0.7930
vn 0.3151 -0.2343 0.9197
vn 0.3158 -0.3189 0.8936
vn 0.3128 -0.1662 0.9352
vn -0.3151 -0.2343 0.9197
vn -0.3158 -0.3189 0.8936
vn -0.3143 -0.3928 0.8642
vn 0.2970 -0.0226 0.9546
vn 0.3151 -0.0302 0.9486
vn 0.3288 -0.0360 0.9437
vn -0.3151 -0.0302 0.9486
vn -0.2970 -0.0226 0.9546
vn -0.3288 -0.0360 0.9437
vn 0.3248 -0.1023 0.9402
vn 0.3269 -0.1360 0.9352
vn 0.3233 -0.0808 0.9428
vn -0.3269 -0.1360 0.9352
vn -0.3248 -0.1023 0.9402
vn -0.3233 -0.0808 0.9428
vn -0.0164 0.0556 0.9983
vn -0.0091 0.0605 0.9981
vn -0.0232 0.0511 0.9984
vn 0.0164 0.0556 0.9983
vn 0.0091 0.0605 0.9981
vn -0.0000 0.0665 0.9978
vn -0.0012 -0.0661 0.9978
vn -0.0035 -0.0654 0.9979
vn -0.0043 -0.0651 0.9979
vn 0.0012 -0.0661 0.9978
vn 0.0035 -0.0654 0.9979
vn -0.0000 -0.0665 0.9978
vn 0.8077 -0.5854 -0.0703
vn 0.8273 -0.5616 -0.0151
vn 0.8447 -0.5335 0.0445
vn -0.8273 -0.5616 -0.0151
vn -0.8077 -0.5854 -0.0703
vn -0.8447 -0.5335 0.0445
vn 0.9478 0.2134 -0.2368
vn 0.9501 0.2452 -0.1926
vn 0.9500 0.2692 -0.1583
vn -0.9501 0.2452 -0.1926
vn -0.9478 0.2134 -0.2368
vn -0.9500 0.2692 -0.1583
vn 0.0776 0.9048 -0.4187
vn 0.0907 0.9113 -0.4017
vn 0.0693 0.9004 -0.4294
vn -0.0776 0.9048 -0.4187
vn -0.0907 0.9113 -0.4017
vn -0.1018 0.9165 -0.3870
vn 0.6905 0.5492 0.4708
vn 0.4268 -0.8713 0.2420
vn 0.4137 -0.8883 0.1995
vn 0.4071 -0.8956 0.1791
vn -0.4268 -0.8713 0.2420
vn -0.4137 -0.8883 0.1995
vn -0.4319 -0.8639 0.2592
vn 0.2873 -0.5747 0.7663
vn -0.2873 -0.5747 0.7663
vn -0.6624 0.6374 0.3937
vn -0.6447 0.5699 0.5094
vn -0.6326 0.5353 0.5596
vn 0.6447 0.5699 0.5094
vn 0.6624 0.6374 0.3937
vn 0.6326 0.5353 0.5596
vn 0.1124 0.7940 0.5974
vn 0.1013 0.7865 0.6092
vn 0.0862 0.7759 0.6250
vn -0.1013 0.7865 0.6092
vn -0.1124 0.7940 0.5974
vn -0.0862 0.7759 0.6250
vn 0.7557 0.2892 0.5877
vn 0.7609 0.2942 0.5783
vn 0.7533 0.2869 0.5918
vn -0.7557 0.2892 0.5877
vn -0.7609 0.2942 0.5783
vn -0.7639 0.2971 0.5729
vn 0.3984 -0.7567 0.5183
vn 0.3796 -0.6746 0.6331
vn 0.3416 -0.5409 0.7686
vn -0.3796 -0.6746 0.6331
vn -0.3984 -0.7567 0.5183
vn -0.3416 -0.5409 0.7686
vn 0.0452 0.2306 0.9720
vn 0.0457 0.2309 0.9719
vn 0.0502 0.2343 0.9709
vn -0.0452 0.2306 0.9720
vn -0.0457 0.2309 0.9719
vn -0.0375 0.2247 0.9737
vn 0.0552 -0.3714 0.9268
vn -0.0353 -0.4934 0.8691
vn -0.1304 -0.6087 0.7826
vn 0.0353 -0.4934 0.8691
vn -0.0552 -0.3714 0.9268
vn 0.1304 -0.6087 0.7826
vn -0.4192 -0.2365 0.8766
vn -0.3763 -0.3442 0.8602
vn -0.5059 0.0716 0.8596
vn 0.3763 -0.3442 0.8602
vn 0.4192 -0.2365 0.8766
vn 0.5059 0.0716 0.8596
vn -0.4244 -0.5281 0.7355
vn 0.3508 -0.0773 0.9333
vn -0.5774 -0.5773 0.5773
vn -0.3508 -0.0773 0.9333
vn 0.4244 -0.5281 0.7355
vn 0.5774 -0.5773 0.5773
vn 0.4508 -0.1667 0.8769
vn 0.4384 -0.1386 0.8880
vn 0.5460 -0.4310 0.7184
vn -0.4508 -0.1667 0.8769
vn -0.4384 -0.1386 0.8880
vn -0.3319 0.0738 0.9404
vn 0.2988 0.0518 0.9529
vn 0.3046 0.0469 0.9513
vn 0.3231 0.0311 0.9459
vn -0.2988 0.0518 0.9529
vn -0.3046 0.0469 0.9513
vn -0.2815 0.0662 0.9573
vn 0.8011 0.3156 0.5086
vn 0.8232 0.2862 0.4903
vn 0.7357 0.3910 0.5531
vn -0.8011 0.3156 0.5086
vn -0.8232 0.2862 0.4903
vn -0.8753 0.2059 0.4376
vn 0.8610 0.2905 0.4175
vn 0.8874 0.2268 0.4013
vn 0.8480 0.3180 0.4240
vn -0.8610 0.2905 0.4175
vn -0.8874 0.2268 0.4013
vn -0.8973 0.1994 0.3938
vn 0.8952 0.2867 0.3412
vn 0.9473 0.1247 0.2952
vn 0.8506 0.3798 0.3637
vn -0.9473 0.1247 0.2952
vn -0.8952 0.2867 0.3412
vn -0.8505 0.3798 0.3638
vn 0.2498 -0.8364 0.4880
vn 0.1861 -0.4541 0.8713
vn 0.1783 -0.4161 0.8917
vn -0.2498 -0.8364 0.4880
vn -0.1861 -0.4541 0.8713
vn -0.2524 -0.8655 0.4327
vn -0.1384 -0.1964 0.9707
vn -0.1708 -0.2034 0.9641
vn -0.1296 -0.1945 0.9723
vn 0.1708 -0.2034 0.9641
vn 0.1384 -0.1964 0.9707
vn 0.1296 -0.1945 0.9723
vn -0.3793 -0.0414 0.9243
vn -0.1845 -0.1506 0.9712
vn -0.4472 -0.0000 0.8944
vn 0.1845 -0.1506 0.9712
vn 0.3793 -0.0414 0.9243
vn 0.4472 -0.0000 0.8944
vn -0.0388 0.0776 0.9962
vn -0.1357 0.2715 0.9528
vn 0.1357 0.2715 0.9528
vn 0.0388 0.0776 0.9962
vn -0.1582 0.9494 0.2713
vn -0.1583 0.9494 0.2713
vn 0.1582 0.9494 0.2713
vn -0.6901 0.7103 0.1386
vn -0.6918 0.7092 0.1356
vn -0.6463 0.7337 0.2096
vn 0.6918 0.7092 0.1356
vn 0.6901 0.7103 0.1386
vn 0.6463 0.7337 0.2096
vn 0.3051 -0.9450 0.1181
vn 0.3052 -0.9450 0.1181
vn 0.3052 -0.9449 0.1181
vn -0.3051 -0.9450 0.1181
vn -0.3052 -0.9450 0.1181
vn 0.0294 -0.2984 0.9540
vn 0.0359 -0.2944 0.9550
vn 0.0217 -0.3031 0.9527
vn -0.0359 -0.2944 0.9550
vn -0.0294 -0.2984 0.9540
vn -0.0217 -0.3031 0.9527
vn 0.1353 -0.3479 0.9277
vn -0.1353 -0.3479 0.9277
vn -0.4960 -0.2593 0.8287
vn -0.5240 -0.2957 0.7988
vn -0.4681 -0.2239 0.8548
vn 0.5240 -0.2957 0.7988
vn 0.4960 -0.2593 0.8287
vn 0.4681 -0.2239 0.8548
vn -0.3512 -0.0214 0.9361
vn -0.4236 -0.0668 0.9034
vn -0.2710 0.0271 0.9622
vn 0.4236 -0.0668 0.9034
vn 0.3512 -0.0214 0.9361
vn 0.2710 0.0271 0.9622
vn -0.2250 0.0589 0.9726
vn -0.1964 0.0222 0.9803
vn -0.1717 -0.0090 0.9851
vn 0.2250 0.0589 0.9726
vn 0.1964 0.0222 0.9803
vn 0.2595 0.1038 0.9601
vn -0.5926 -0.4738 0.6514
vn -0.5358 -0.4809 0.6940
vn -0.4332 -0.4874 0.7581
vn 0.5926 -0.4738 0.6514
vn 0.5358 -0.4809 0.6940
vn 0.6684 -0.4595 0.5849
vn -0.1523 -0.8379 0.5242
vn -0.1230 -0.6763 0.7263
vn -0.1599 -0.8797 0.4478
vn 0.1230 -0.6763 0.7263
vn 0.1523 -0.8379 0.5242
vn 0.1599 -0.8797 0.4478
vn 0.4015 -0.6003 0.6917
vn 0.4151 -0.6129 0.6723
vn 0.3900 -0.5895 0.7074
vn -0.4151 -0.6129 0.6723
vn -0.4015 -0.6003 0.6917
vn -0.3900 -0.5895 0.7074
vn 0.6219 -0.4405 0.6475
vn 0.5116 -0.3765 0.7724
vn 0.6547 -0.4589 0.6007
vn -0.5116 -0.3765 0.7724
vn -0.6219 -0.4405 0.6475
vn -0.6547 -0.4589 0.6007
vn 0.5573 -0.1025 0.8239
vn 0.5726 -0.0931 0.8145
vn 0.5378 -0.1144 0.8353
vn -0.5726 -0.0931 0.8145
vn -0.5573 -0.1025 0.8239
vn -0.5378 -0.1144 0.8353
vn 0.5717 0.1175 0.8120
vn 0.5699 0.1182 0.8132
vn 0.5657 0.1197 0.8159
vn -0.5717 0.1175 0.8120
vn -0.5699 0.1182 0.8132
vn -0.5773 0.1155 0.8083
vn 0.5092 0.6258 0.5909
vn 0.4320 0.4552 0.7786
vn 0.4082 0.4082 0.8165
vn -0.5092 0.6258 0.5909
vn -0.4320 0.4552 0.7786
vn -0.5214 0.6574 0.5440
vn 0.2337 0.6783 0.6966
vn 0.2962 0.5037 0.8115
vn 0.1796 0.7882 0.5886
vn -0.2962 0.5037 0.8115
vn -0.2337 0.6783 0.6966
vn -0.1796 0.7882 0.5886
vn 0.1696 0.3556 0.9191
vn 0.1605 0.3639 0.9175
vn 0.1882 0.3387 0.9219
vn -0.1605 0.3639 0.9175
vn -0.1696 0.3556 0.9191
vn -0.1882 0.3387 0.9219
vn -0.0379 0.2572 0.9656
vn -0.0052 0.2446 0.9696
vn -0.0870 0.2756 0.9573
vn 0.0052 0.2446 0.9696
vn 0.0379 0.2572 0.9656
vn 0.0870 0.2756 0.9573
vn 0.3412 -0.4881 0.8033
vn 0.3040 -0.3117 0.9003
vn 0.2804 -0.2181 0.9348
vn -0.3412 -0.4881 0.8033
vn -0.3040 -0.3117 0.9003
vn -0.3553 -0.5739 0.7379
vn 0.2915 -0.2815 0.9142
vn 0.2714 -0.2421 0.9315
vn 0.3015 -0.3015 0.9045
vn -0.2714 -0.2421 0.9315
vn -0.2915 -0.2815 0.9142
vn -0.3015 -0.3015 0.9045
vn -0.1345 -0.4459 0.8849
vn -0.3451 -0.7912 0.5049
vn -0.3766 -0.8339 0.4035
vn 0.1345 -0.4459 0.8849
vn 0.3451 -0.7912 0.5049
vn 0.0631 -0.3156 0.9468
vn -0.1548 -0.8958 0.4166
vn 0.0590 -0.7975 0.6005
vn 0.0823 -0.7822 0.6175
vn 0.1548 -0.8958 0.4166
vn -0.0590 -0.7975 0.6005
vn 0.2015 -0.9071 0.3695
vn -0.3582 -0.2688 0.8941
vn -0.3465 -0.2538 0.9031
vn -0.3707 -0.2851 0.8839
vn 0.3465 -0.2538 0.9031
vn 0.3582 -0.2688 0.8941
vn 0.3707 -0.2851 0.8839
vn -0.4006 0.0171 0.9161
vn -0.3088 -0.0357 0.9505
vn -0.2692 -0.0577 0.9614
vn 0.4006 0.0171 0.9161
vn 0.3088 -0.0357 0.9505
vn 0.4568 0.0508 0.8881
vn -0.2371 0.5075 0.8284
vn -0.0526 0.4217 0.9052
vn -0.2797 0.5245 0.8042
vn 0.0526 0.4217 0.9052
vn 0.2371 0.5075 0.8284
vn 0.2797 0.5245 0.8042
vn -0.0437 0.6595 0.7504
vn -0.0249 0.5720 0.8199
vn -0.0213 0.5546 0.8319
vn 0.0437 0.6595 0.7504
vn 0.0249 0.5720 0.8199
vn 0.0487 0.6815 0.7302
vn 0.3436 0.5376 0.7700
vn 0.3745 0.6245 0.6853
vn 0.3778 0.6342 0.6746
vn -0.3436 0.5376 0.7700
vn -0.3745 0.6245 0.6853
vn -0.3378 0.5221 0.7831
vn 0.4988 0.5300 0.6858
vn -0.4988 0.5300 0.6858
vn 0.6076 -0.3372 0.7191
vn 0.7382 -0.3250 0.5912
vn 0.5425 -0.3391 0.7686
vn -0.7382 -0.3250 0.5912
vn -0.6076 -0.3372 0.7191
vn -0.5425 -0.3391 0.7686
vn 0.8232 -0.0676 0.5637
vn 0.8122 -0.0765 0.5783
vn 0.8305 -0.0615 0.5537
vn -0.8122 -0.0765 0.5783
vn -0.8232 -0.0676 0.5637
vn -0.8305 -0.0615 0.5537
vn 0.7832 0.1147 0.6111
vn 0.7850 0.1179 0.6081
vn 0.7814 0.1116 0.6140
vn -0.7850 0.1179 0.6081
vn -0.7832 0.1147 0.6111
vn -0.7814 0.1116 0.6140
vn -0.5593 0.7814 -0.2767
vn -0.5146 0.8262 -0.2294
vn -0.4338 0.8888 -0.1481
vn 0.5146 0.8262 -0.2294
vn 0.5593 0.7814 -0.2767
vn 0.4338 0.8888 -0.1481
vn -0.8512 0.3709 -0.3713
vn -0.8510 0.3683 -0.3744
vn -0.8515 0.3744 -0.3670
vn 0.8510 0.3683 -0.3744
vn 0.8512 0.3709 -0.3713
vn 0.8515 0.3744 -0.3670
vn -0.2439 0.8674 -0.4338
vn -0.2440 0.8674 -0.4337
vn -0.2663 0.8710 -0.4127
vn 0.2439 0.8674 -0.4338
vn 0.2440 0.8674 -0.4337
vn 0.2197 0.8626 -0.4557
vn 0.5921 0.7473 -0.3018
vn 0.5926 0.7459 -0.3039
vn 0.5932 0.7445 -0.3063
vn -0.5921 0.7473 -0.3018
vn -0.5926 0.7459 -0.3039
vn -0.5914 0.7489 -0.2991
vn 0.3674 0.8785 -0.3053
vn 0.3696 0.8731 -0.3179
vn 0.3714 0.8685 -0.3284
vn -0.3674 0.8785 -0.3053
vn -0.3696 0.8731 -0.3179
vn -0.3653 0.8833 -0.2938
vn 0.2825 0.9151 -0.2878
vn 0.2824 0.9151 -0.2878
vn 0.2901 0.9141 -0.2833
vn -0.2824 0.9151 -0.2878
vn -0.2825 0.9151 -0.2878
vn -0.2901 0.9141 -0.2833
vn 0.8223 0.1332 -0.5533
vn 0.8738 0.1342 -0.4673
vn 0.8873 0.1343 -0.4412
vn -0.8223 0.1332 -0.5533
vn -0.8738 0.1342 -0.4673
vn -0.7964 0.1323 -0.5901
vn 0.5235 -0.6954 -0.4923
vn 0.5395 -0.7381 -0.4051
vn 0.5108 -0.6649 -0.5450
vn -0.5395 -0.7381 -0.4051
vn -0.5235 -0.6954 -0.4923
vn -0.5108 -0.6649 -0.5450
vn 0.3794 -0.8303 -0.4083
vn 0.3946 -0.7754 -0.4930
vn 0.3695 -0.8566 -0.3601
vn -0.3946 -0.7754 -0.4930
vn -0.3794 -0.8303 -0.4083
vn -0.3695 -0.8566 -0.3601
vn 0.2693 -0.5316 -0.8030
vn 0.2344 -0.5794 -0.7806
vn 0.3617 -0.3858 -0.8487
vn -0.2693 -0.5316 -0.8030
vn -0.2344 -0.5794 -0.7806
vn -0.1649 -0.6644 -0.7289
vn 0.2634 -0.0434 -0.9637
vn 0.2301 -0.0701 -0.9706
vn 0.1952 -0.0976 -0.9759
vn -0.2634 -0.0434 -0.9637
vn -0.2301 -0.0701 -0.9706
vn -0.3011 -0.0125 -0.9535
vn 0.1435 -0.4276 -0.8925
vn 0.0973 -0.4710 -0.8767
vn -0.0107 -0.5633 -0.8262
vn -0.1435 -0.4276 -0.8925
vn -0.0973 -0.4710 -0.8767
vn -0.2562 -0.3112 -0.9152
vn 0.1247 -0.9796 -0.1574
vn 0.1059 -0.9870 -0.1208
vn 0.1533 -0.9649 -0.2134
vn -0.1059 -0.9870 -0.1208
vn -0.1247 -0.9796 -0.1574
vn -0.1533 -0.9649 -0.2134
vn 0.1196 -0.9662 -0.2283
vn 0.1166 -0.9679 -0.2226
vn 0.1260 -0.9624 -0.2406
vn -0.1166 -0.9679 -0.2226
vn -0.1196 -0.9662 -0.2283
vn -0.1260 -0.9624 -0.2406
vn 0.9409 -0.2453 -0.2335
vn 0.9602 -0.0212 -0.2787
vn 0.9396 0.1573 -0.3041
vn -0.9602 -0.0212 -0.2787
vn -0.9409 -0.2453 -0.2335
vn -0.9396 0.1573 -0.3041
vn 0.9329 0.1569 -0.3241
vn 0.9311 0.1673 -0.3243
vn 0.9278 0.1838 -0.3246
vn -0.9311 0.1673 -0.3243
vn -0.9329 0.1569 -0.3241
vn -0.9278 0.1838 -0.3246
vn 0.1506 0.0089 -0.9886
vn 0.1788 0.0366 -0.9832
vn 0.2192 0.0766 -0.9727
vn -0.1788 0.0366 -0.9832
vn -0.1506 0.0089 -0.9886
vn -0.2192 0.0766 -0.9727
vn -0.0369 -0.2384 -0.9705
vn 0.0036 -0.1919 -0.9814
vn 0.1211 -0.0530 -0.9912
vn 0.0369 -0.2384 -0.9705
vn -0.0036 -0.1919 -0.9814
vn 0.1497 -0.3635 -0.9195
vn 0.7340 -0.3228 -0.5975
vn 0.7582 -0.2856 -0.5862
vn 0.9094 0.1371 -0.3927
vn -0.7341 -0.3228 -0.5975
vn -0.7582 -0.2856 -0.5862
vn -0.3706 -0.6780 -0.6349
vn 0.9196 0.1379 -0.3678
vn 0.9198 0.1373 -0.3677
vn 0.9202 0.1355 -0.3672
vn -0.9198 0.1373 -0.3677
vn -0.9196 0.1379 -0.3678
vn -0.9202 0.1355 -0.3672
vn 0.9349 0.2987 -0.1915
vn 0.9257 0.3233 -0.1965
vn 0.9173 0.3440 -0.2007
vn -0.9349 0.2987 -0.1915
vn -0.9257 0.3233 -0.1965
vn -0.9457 0.2673 -0.1850
vn 0.9207 0.3162 -0.2286
vn 0.9095 0.3435 -0.2340
vn 0.9004 0.3642 -0.2380
vn -0.9207 0.3162 -0.2286
vn -0.9095 0.3435 -0.2340
vn -0.9337 0.2813 -0.2215
vn 0.9370 0.3470 -0.0397
vn 0.9422 0.3276 -0.0704
vn 0.8945 0.4337 0.1084
vn -0.9370 0.3470 -0.0397
vn -0.9422 0.3276 -0.0704
vn -0.9501 0.2455 -0.1922
vn 0.1657 -0.9378 -0.3051
vn 0.1817 -0.8198 -0.5431
vn 0.1596 -0.9577 -0.2394
vn -0.1657 -0.9378 -0.3051
vn -0.1817 -0.8198 -0.5431
vn -0.1835 -0.7864 -0.5898
vn 0.3712 -0.4739 -0.7985
vn 0.3705 -0.4729 -0.7994
vn 0.3693 -0.4712 -0.8010
vn -0.3712 -0.4739 -0.7985
vn -0.3705 -0.4729 -0.7994
vn -0.3727 -0.4759 -0.7966
vn 0.3114 -0.8287 -0.4651
vn 0.3115 -0.8288 -0.4649
vn 0.2986 -0.8236 -0.4821
vn -0.3114 -0.8287 -0.4651
vn -0.3115 -0.8288 -0.4649
vn -0.3263 -0.8342 -0.4446
vn 0.2735 -0.9535 -0.1263
vn 0.2877 -0.9486 -0.1321
vn 0.2995 -0.9442 -0.1368
vn -0.2877 -0.9486 -0.1321
vn -0.2735 -0.9535 -0.1263
vn -0.2995 -0.9442 -0.1368
vn 0.3212 -0.9247 -0.2043
vn 0.3069 -0.9384 -0.1586
vn 0.3287 -0.9163 -0.2291
vn -0.3069 -0.9384 -0.1586
vn -0.3212 -0.9247 -0.2043
vn -0.3287 -0.9163 -0.2291
vn 0.9115 -0.3987 0.1009
vn 0.9506 0.1005 -0.2937
vn 0.8305 0.3333 -0.4463
vn -0.9115 -0.3987 0.1009
vn -0.9506 0.1005 -0.2937
vn -0.8642 -0.4737 0.1696
vn 0.7988 -0.5377 0.2698
vn 0.8434 -0.4862 0.2285
vn 0.9166 -0.3740 0.1414
vn -0.8434 -0.4862 0.2285
vn -0.7988 -0.5376 0.2698
vn -0.9166 -0.3740 0.1414
vn 0.3492 -0.1221 -0.9291
vn 0.3514 -0.1253 -0.9278
vn 0.2950 -0.0454 -0.9544
vn -0.3492 -0.1221 -0.9291
vn -0.3514 -0.1253 -0.9278
vn -0.4189 -0.2265 -0.8793
vn 0.1186 0.9641 0.2378
vn 0.1213 0.9646 0.2341
vn 0.1272 0.9658 0.2260
vn -0.1186 0.9641 0.2378
vn -0.1213 0.9646 0.2341
vn -0.1119 0.9626 0.2468
vn 0.1277 0.9744 -0.1849
vn 0.1264 0.9742 -0.1868
vn 0.1320 0.9750 -0.1787
vn -0.1264 0.9742 -0.1868
vn -0.1277 0.9744 -0.1849
vn -0.1320 0.9750 -0.1787
vn 0.3500 0.5952 -0.7234
vn 0.3503 0.5954 -0.7231
vn 0.3878 0.6192 -0.6828
vn -0.3503 0.5954 -0.7231
vn -0.3500 0.5952 -0.7234
vn -0.3878 0.6192 -0.6828
vn 0.3892 0.9079 -0.1556
vn 0.4394 0.8882 -0.1346
vn 0.4951 0.8618 -0.1100
vn -0.4394 0.8882 -0.1346
vn -0.3892 0.9079 -0.1556
vn -0.4951 0.8618 -0.1100
vn 0.1140 0.7537 0.6473
vn 0.2110 0.6828 0.6995
vn 0.2561 0.6447 0.7202
vn -0.2110 0.6828 0.6995
vn -0.1140 0.7537 0.6473
vn -0.2561 0.6447 0.7202
vn 0.6065 0.7784 0.1622
vn 0.6047 0.7804 0.1595
vn 0.5966 0.7888 0.1479
vn -0.6046 0.7804 0.1595
vn -0.6065 0.7784 0.1622
vn -0.5965 0.7888 0.1479
vn 0.7023 0.6812 -0.2069
vn 0.7041 0.6802 -0.2039
vn 0.7125 0.6755 -0.1900
vn -0.7041 0.6802 -0.2039
vn -0.7023 0.6812 -0.2069
vn -0.7125 0.6755 -0.1900
vn 0.6799 0.1834 -0.7100
vn 0.6587 0.2137 -0.7214
vn 0.7104 0.1364 -0.6904
vn -0.6799 0.1834 -0.7100
vn -0.6587 0.2137 -0.7214
vn -0.6304 0.2517 -0.7343
vn 0.5891 0.3421 -0.7320
vn 0.4157 0.5002 -0.7596
vn 0.6823 0.2318 -0.6933
vn -0.4157 0.5002 -0.7596
vn -0.5891 0.3421 -0.7320
vn -0.6823 0.2318 -0.6933
vn 0.6434 0.7446 -0.1780
vn 0.6427 0.7455 -0.1768
vn 0.6574 0.7254 -0.2040
vn -0.6427 0.7455 -0.1768
vn -0.6434 0.7446 -0.1780
vn -0.6574 0.7254 -0.2040
vn 0.7185 0.6787 0.1524
vn 0.7190 0.6784 0.1511
vn 0.7289 0.6729 0.1262
vn -0.7190 0.6784 0.1511
vn -0.7185 0.6787 0.1524
vn -0.7289 0.6729 0.1262
vn 0.7459 0.3991 0.5333
vn 0.7287 0.3945 0.5598
vn 0.7791 0.4074 0.4764
vn -0.7287 0.3945 0.5598
vn -0.7459 0.3991 0.5333
vn -0.7791 0.4074 0.4764
vn 0.3405 0.9287 -0.1470
vn 0.3504 0.9158 -0.1961
vn 0.3669 0.8840 -0.2898
vn -0.3405 0.9287 -0.1470
vn -0.3504 0.9158 -0.1961
vn -0.3238 0.9434 -0.0720
vn 0.2186 0.5666 0.7945
vn 0.2310 0.5775 0.7830
vn 0.2854 0.6237 0.7277
vn -0.2186 0.5666 0.7945
vn -0.2310 0.5775 0.7830
vn -0.1548 0.5080 0.8473
vn -0.1739 0.1064 -0.9790
vn -0.1719 0.1044 -0.9796
vn -0.1681 0.1005 -0.9806
vn 0.1719 0.1044 -0.9796
vn 0.1739 0.1064 -0.9790
vn 0.1681 0.1005 -0.9806
vn 0.2327 0.6826 0.6928
vn -0.1791 0.9838 -0.0081
vn 0.2925 0.5674 0.7697
vn 0.1791 0.9838 -0.0081
vn -0.2327 0.6826 0.6928
vn -0.2925 0.5674 0.7697
vn -0.1616 0.1847 0.9694
vn 0.1616 0.1847 0.9694
vn 0.9797 0.1962 0.0409
vn 0.9752 0.1650 -0.1475
vn 0.8681 0.0893 -0.4883
vn -0.9797 0.1962 0.0409
vn -0.9752 0.1650 -0.1475
vn -0.9340 0.2255 0.2773
vn 0.9600 0.1043 0.2598
vn 0.9431 0.0885 0.3206
vn 0.9276 0.0762 0.3657
vn -0.9431 0.0885 0.3206
vn -0.9600 0.1043 0.2598
vn -0.9276 0.0762 0.3657
vn 0.9767 0.1768 -0.1217
vn 0.9796 0.1964 -0.0417
vn 0.9750 0.2169 0.0490
vn -0.9796 0.1964 -0.0417
vn -0.9767 0.1768 -0.1217
vn -0.9750 0.2169 0.0490
vn 0.9945 0.0383 -0.0974
vn 0.9926 0.0222 -0.1190
vn 0.9817 -0.0304 -0.1882
vn -0.9945 0.0383 -0.0974
vn -0.9926 0.0222 -0.1190
vn -0.9956 0.0893 -0.0288
vn 0.6869 -0.7239 0.0644
vn 0.7212 -0.6913 0.0443
vn 0.7466 -0.6646 0.0285
vn -0.6869 -0.7239 0.0644
vn -0.7212 -0.6913 0.0443
vn -0.6374 -0.7651 0.0915
vn 0.3722 -0.9243 0.0847
vn 0.3721 -0.9243 0.0846
vn 0.3723 -0.9243 0.0847
vn -0.3722 -0.9243 0.0847
vn -0.3721 -0.9243 0.0846
vn -0.3720 -0.9244 0.0845
vn 0.4678 -0.8582 0.2113
vn 0.4447 -0.8649 0.2327
vn 0.3986 -0.8754 0.2734
vn -0.4447 -0.8649 0.2327
vn -0.4678 -0.8582 0.2113
vn -0.3986 -0.8754 0.2734
vn 0.6070 -0.7579 0.2388
vn 0.5129 -0.7014 0.4949
vn 0.6328 -0.7642 0.1247
vn -0.5129 -0.7014 0.4949
vn -0.6070 -0.7579 0.2388
vn -0.6328 -0.7642 0.1247
vn 0.7325 -0.6368 0.2407
vn -0.7325 -0.6368 0.2407
vn 0.2637 -0.4499 0.8533
vn -0.2637 -0.4499 0.8533
vn 0.5477 -0.3211 -0.7726
vn 0.5647 -0.3153 -0.7627
vn 0.5881 -0.3070 -0.7483
vn -0.5477 -0.3211 -0.7726
vn -0.5647 -0.3153 -0.7627
vn -0.5236 -0.3290 -0.7859
vn 0.4897 -0.2665 -0.8302
vn 0.5152 -0.3007 -0.8026
vn 0.4694 -0.2400 -0.8498
vn -0.4897 -0.2665 -0.8302
vn -0.5152 -0.3007 -0.8026
vn -0.5396 -0.3343 -0.7727
vn 0.3702 -0.8510 -0.3725
vn 0.2771 -0.8451 -0.4572
vn 0.4463 -0.8452 -0.2941
vn -0.3702 -0.8510 -0.3725
vn -0.2771 -0.8451 -0.4572
vn -0.2144 -0.8341 -0.5082
vn 0.7264 -0.6277 -0.2799
vn 0.7105 -0.6463 -0.2784
vn 0.6973 -0.6610 -0.2771
vn -0.7264 -0.6277 -0.2799
vn -0.7105 -0.6463 -0.2784
vn -0.7365 -0.6154 -0.2808
vn 0.4972 -0.4408 -0.7473
vn -0.4972 -0.4408 -0.7473
vn 0.3366 0.4403 0.8324
vn 0.3620 0.3250 0.8737
vn 0.3691 0.2855 0.8844
vn -0.3366 0.4403 0.8324
vn -0.3619 0.3250 0.8737
vn -0.3244 0.4867 0.8111
vn 0.4626 0.2315 0.8558
vn 0.4501 0.1209 0.8847
vn 0.4467 0.0975 0.8894
vn -0.4501 0.1209 0.8848
vn -0.4626 0.2315 0.8558
vn -0.4467 0.0975 0.8894
vn 0.2887 0.1522 0.9452
vn 0.2251 0.0557 0.9727
vn 0.3188 0.1993 0.9266
vn -0.2887 0.1522 0.9452
vn -0.2251 0.0557 0.9727
vn -0.1817 -0.0079 0.9833
vn 0.2208 -0.0825 0.9718
vn 0.2739 -0.0776 0.9586
vn 0.2076 -0.0836 0.9746
vn -0.2208 -0.0825 0.9718
vn -0.2739 -0.0776 0.9586
vn -0.2925 -0.0758 0.9533
vn 0.3697 0.0498 0.9278
vn 0.5497 -0.1703 0.8178
vn 0.3398 0.0824 0.9369
vn -0.3697 0.0498 0.9278
vn -0.5497 -0.1703 0.8178
vn -0.5847 -0.2198 0.7809
vn 0.6430 -0.2283 0.7310
vn 0.6025 -0.3660 0.7092
vn 0.5957 -0.3850 0.7049
vn -0.6025 -0.3660 0.7092
vn -0.6430 -0.2283 0.7310
vn -0.5957 -0.3850 0.7049
vn 0.4170 0.7325 0.5381
vn 0.4777 0.5804 0.6596
vn 0.4843 0.5580 0.6738
vn -0.4776 0.5804 0.6596
vn -0.4170 0.7325 0.5381
vn -0.4843 0.5580 0.6738
vn -0.2658 0.8300 0.4904
vn -0.2673 0.8315 0.4869
vn -0.2675 0.8318 0.4864
vn 0.2673 0.8315 0.4869
vn 0.2658 0.8300 0.4904
vn 0.2675 0.8318 0.4864
vn -0.8505 0.2241 0.4759
vn -0.8020 0.2342 0.5495
vn -0.8576 0.2223 0.4637
vn 0.8505 0.2241 0.4759
vn 0.8020 0.2342 0.5495
vn 0.7885 0.2366 0.5677
vn -0.5253 -0.3572 0.7723
vn -0.5246 -0.3557 0.7735
vn -0.5257 -0.3579 0.7717
vn 0.5253 -0.3572 0.7723
vn 0.5246 -0.3557 0.7735
vn 0.5242 -0.3548 0.7742
vn 0.4597 -0.5803 0.6723
vn 0.4484 -0.5498 0.7048
vn 0.4663 -0.5991 0.6509
vn -0.4597 -0.5803 0.6723
vn -0.4484 -0.5498 0.7048
vn -0.4390 -0.5252 0.7290
vn 0.7014 -0.4509 0.5520
vn 0.6978 -0.4486 0.5584
vn 0.7104 -0.4567 0.5356
vn -0.6978 -0.4486 0.5584
vn -0.7014 -0.4509 0.5520
vn -0.7104 -0.4567 0.5356
vn 0.7062 -0.7054 -0.0599
vn 0.7259 -0.6760 -0.1269
vn 0.7507 -0.6131 -0.2461
vn -0.7062 -0.7054 -0.0599
vn -0.7259 -0.6760 -0.1269
vn -0.6302 -0.7658 0.1282
vn -0.1990 0.2825 0.9384
vn -0.1921 0.2859 0.9388
vn -0.1788 0.2923 0.9395
vn 0.1990 0.2825 0.9384
vn 0.1921 0.2859 0.9388
vn 0.2175 0.2733 0.9370
vn 0.9046 -0.3643 -0.2215
vn 0.9048 -0.3807 -0.1909
vn 0.9042 -0.3578 -0.2332
vn -0.9048 -0.3807 -0.1909
vn -0.9046 -0.3643 -0.2215
vn -0.9042 -0.3578 -0.2332
vn 0.1406 0.0378 0.9893
vn 0.0755 0.2386 0.9682
vn 0.0400 0.3399 0.9396
vn -0.0755 0.2386 0.9682
vn -0.1406 0.0378 0.9893
vn -0.0400 0.3399 0.9396
vn 0.0773 0.9321 0.3539
vn 0.0399 0.9328 0.3583
vn 0.2734 0.9064 0.3221
vn -0.0399 0.9328 0.3583
vn -0.0773 0.9321 0.3539
vn -0.2734 0.9064 0.3221
vn 0.6939 0.0623 0.7174
vn 0.5250 -0.3317 0.7838
vn 0.4480 -0.4480 0.7737
vn -0.6939 0.0622 0.7174
vn -0.5250 -0.3317 0.7838
vn -0.7177 0.1689 0.6755
vn 0.4111 0.4522 0.7915
vn 0.3568 0.3925 0.8477
vn -0.3568 0.3925 0.8477
vn -0.4111 0.4522 0.7915
vn 0.7204 -0.5197 0.4592
vn 0.8364 -0.4647 0.2905
vn 0.5534 -0.5534 0.6225
vn -0.7204 -0.5197 0.4592
vn -0.8364 -0.4647 0.2905
vn -0.9008 -0.4075 0.1501
vn 0.5816 -0.4245 0.6939
vn 0.5808 -0.4073 0.7048
vn 0.5724 -0.3122 0.7582
vn -0.5816 -0.4245 0.6939
vn -0.5808 -0.4073 0.7048
vn -0.5815 -0.5217 0.6243
vn 0.5937 -0.4165 0.6885
vn 0.5910 -0.4303 0.6823
vn 0.5597 -0.5533 0.6169
vn -0.5937 -0.4165 0.6885
vn -0.5910 -0.4303 0.6823
vn -0.6138 -0.2571 0.7465
vn 0.9904 -0.1182 -0.0718
vn 0.9946 -0.0624 -0.0828
vn 0.8271 0.5323 -0.1802
vn -0.9946 -0.0624 -0.0828
vn -0.9904 -0.1182 -0.0718
vn -0.8271 0.5323 -0.1802
vn 0.8984 -0.4135 -0.1481
vn 0.9134 -0.3921 -0.1097
vn 0.9227 -0.3766 -0.0825
vn -0.8984 -0.4135 -0.1481
vn -0.9134 -0.3921 -0.1097
vn -0.8717 -0.4446 -0.2063
vn 0.9972 -0.0181 -0.0725
vn -0.9972 -0.0181 -0.0725
vn 0.7205 -0.6579 0.2193
vn 0.7422 -0.6499 0.1635
vn 0.6895 -0.6644 0.2883
vn -0.7422 -0.6499 0.1635
vn -0.7205 -0.6579 0.2193
vn -0.6895 -0.6644 0.2883
vn 0.7888 -0.6038 0.1152
vn 0.7852 -0.6108 0.1018
vn 0.7815 -0.6176 0.0882
vn -0.7888 -0.6038 0.1152
vn -0.7852 -0.6108 0.1018
vn -0.7930 -0.5947 0.1322
vn 0.7022 -0.7022 0.1170
vn 0.7023 -0.7022 0.1170
vn -0.7022 -0.7022 0.1170
vn -0.7023 -0.7022 0.1170
vn 0.1950 0.9787 -0.0643
vn 0.1723 0.9843 -0.0370
vn 0.1240 0.9921 0.0207
vn -0.1950 0.9787 -0.0643
vn -0.1723 0.9843 -0.0370
vn -0.2408 0.9631 -0.1204
vn 0.9327 0.3344 0.1350
vn 0.9373 0.3262 0.1226
vn 0.9435 0.3145 0.1048
vn -0.9327 0.3344 0.1350
vn -0.9373 0.3262 0.1226
vn -0.9251 0.3469 0.1542
vn 0.6645 -0.7453 0.0539
vn 0.6644 -0.7455 0.0541
vn 0.6213 -0.7767 0.1036
vn -0.6644 -0.7455 0.0541
vn -0.6645 -0.7453 0.0539
vn -0.6213 -0.7767 0.1036
vn -0.0042 0.9993 0.0382
vn -0.0119 0.9942 0.1067
vn 0.0119 0.9942 0.1067
vn 0.0042 0.9993 0.0382
vn 0.6217 -0.6976 0.3562
vn 0.6254 -0.7143 0.3142
vn 0.6197 -0.6899 0.3742
vn -0.6254 -0.7143 0.3142
vn -0.6217 -0.6976 0.3562
vn -0.6197 -0.6899 0.3742
vn 0.2747 -0.8841 0.3781
vn 0.2720 -0.8995 0.3420
vn 0.2752 -0.8808 0.3853
vn -0.2720 -0.8995 0.3420
vn -0.2747 -0.8841 0.3781
vn -0.2752 -0.8808 0.3853
vn -0.8109 -0.5185 -0.2712
vn -0.8526 -0.4955 -0.1660
vn -0.7929 -0.5252 -0.3089
vn 0.8526 -0.4955 -0.1660
vn 0.8109 -0.5185 -0.2712
vn 0.7929 -0.5252 -0.3089
vn -0.8464 0.2347 -0.4780
vn -0.8188 0.2410 -0.5210
vn -0.8096 0.2429 -0.5343
vn 0.8464 0.2347 -0.4780
vn 0.8188 0.2410 -0.5210
vn 0.8538 0.2328 -0.4657
vn -0.5505 0.7201 -0.4224
vn -0.5645 0.8164 -0.1216
vn -0.5621 0.8231 -0.0803
vn 0.5505 0.7201 -0.4224
vn 0.5645 0.8164 -0.1216
vn 0.5433 0.6985 -0.4657
vn -0.1011 0.9949 -0.0025
vn -0.0152 0.9915 0.1292
vn -0.0071 0.9899 0.1414
vn 0.1011 0.9949 -0.0025
vn 0.0152 0.9915 0.1292
vn 0.1096 0.9939 -0.0157
vn 0.1374 0.0253 0.9902
vn 0.1481 0.0207 0.9888
vn 0.1046 0.0392 0.9937
vn -0.1374 0.0253 0.9902
vn -0.1481 0.0207 0.9888
vn -0.1738 0.0097 0.9847
vn 0.3085 0.0694 0.9487
vn 0.3493 0.0587 0.9352
vn 0.2461 0.0852 0.9655
vn -0.3085 0.0694 0.9487
vn -0.3493 0.0587 0.9352
vn -0.4134 0.0413 0.9096
vn 0.3149 0.0090 0.9491
vn 0.3104 0.0377 0.9499
vn 0.3010 0.0926 0.9491
vn -0.3104 0.0377 0.9499
vn -0.3149 0.0090 0.9491
vn -0.3010 0.0926 0.9491
vn 0.1723 0.0269 0.9847
vn 0.1665 0.0291 0.9856
vn 0.2104 0.0124 0.9775
vn -0.1723 0.0269 0.9847
vn -0.1665 0.0291 0.9856
vn -0.1220 0.0458 0.9915
vn 0.2793 0.3090 0.9091
vn 0.3643 0.2791 0.8885
vn -0.0099 0.3867 0.9221
vn -0.3643 0.2791 0.8885
vn -0.2793 0.3090 0.9091
vn 0.0099 0.3867 0.9221
vn 0.4023 -0.0342 0.9149
vn 0.3997 -0.0344 0.9160
vn 0.3787 -0.0364 0.9248
vn -0.4023 -0.0342 0.9149
vn -0.3997 -0.0344 0.9160
vn -0.4244 -0.0320 0.9049
vn 0.2572 -0.0612 0.9644
vn 0.2572 -0.0587 0.9646
vn 0.2530 -0.1897 0.9487
vn -0.2572 -0.0612 0.9644
vn -0.2572 -0.0587 0.9646
vn -0.2570 0.0723 0.9637
vn 0.0526 -0.0088 0.9986
vn 0.0768 -0.0128 0.9970
vn -0.0768 -0.0128 0.9970
vn -0.0526 -0.0088 0.9986
vn -0.3715 0.6986 0.6115
vn -0.3990 0.6791 0.6161
vn -0.4871 0.6088 0.6262
vn 0.3715 0.6986 0.6115
vn 0.3990 0.6791 0.6161
vn 0.2981 0.7454 0.5963
vn 0.6162 -0.0045 0.7876
vn 0.6374 0.0591 0.7683
vn 0.6693 0.1802 0.7208
vn -0.6374 0.0591 0.7683
vn -0.6162 -0.0045 0.7876
vn -0.6693 0.1802 0.7208
vn 0.4535 -0.1998 0.8686
vn 0.4478 -0.2002 0.8714
vn 0.4388 -0.2008 0.8759
vn -0.4535 -0.1998 0.8686
vn -0.4478 -0.2002 0.8714
vn -0.4723 -0.1986 0.8588
vn 0.3967 -0.3223 0.8595
vn 0.5290 -0.1904 0.8270
vn 0.5786 -0.1334 0.8046
vn -0.3967 -0.3223 0.8595
vn -0.5290 -0.1904 0.8270
vn -0.2975 -0.4062 0.8640
vn 0.5184 0.2682 0.8120
vn 0.5464 0.2442 0.8012
vn 0.5002 0.2833 0.8182
vn -0.5464 0.2442 0.8012
vn -0.5184 0.2682 0.8120
vn -0.5002 0.2833 0.8182
vn 0.2980 0.5802 0.7580
vn -0.2980 0.5802 0.7580
vn 0.0930 -0.9919 -0.0871
vn 0.0931 -0.9928 -0.0758
vn 0.0929 -0.9912 -0.0944
vn -0.0931 -0.9928 -0.0758
vn -0.0930 -0.9919 -0.0871
vn -0.0929 -0.9912 -0.0944
vn 0.4835 -0.8711 0.0865
vn 0.5088 -0.8601 -0.0363
vn 0.4688 -0.8715 0.1442
vn -0.5088 -0.8601 -0.0363
vn -0.4835 -0.8711 0.0865
vn -0.4688 -0.8715 0.1442
vn 0.9274 -0.2476 0.2805
vn 0.9300 -0.2524 0.2672
vn 0.9309 -0.2541 0.2624
vn -0.9274 -0.2476 0.2805
vn -0.9300 -0.2524 0.2672
vn -0.9264 -0.2460 0.2851
vn 0.8334 0.5523 -0.0213
vn 0.8423 0.5371 -0.0466
vn 0.8465 0.5291 -0.0595
vn -0.8334 0.5523 -0.0213
vn -0.8423 0.5371 -0.0466
vn -0.8267 0.5627 -0.0035
vn -0.2282 0.9328 -0.2791
vn -0.2398 0.9389 -0.2468
vn -0.2511 0.9439 -0.2145
vn 0.2282 0.9328 -0.2791
vn 0.2398 0.9389 -0.2468
vn 0.2146 0.9243 -0.3157
vn -0.4490 0.8839 -0.1308
vn -0.4545 0.8830 -0.1168
vn -0.4841 0.8743 -0.0361
vn 0.4490 0.8839 -0.1308
vn 0.4545 0.8830 -0.1168
vn 0.4196 0.8851 -0.2012
vn -0.5421 -0.0117 -0.8402
vn -0.5320 -0.0064 -0.8467
vn -0.5256 -0.0030 -0.8507
vn 0.5421 -0.0117 -0.8402
vn 0.5320 -0.0064 -0.8467
vn 0.5470 -0.0144 -0.8370
vn -0.2157 -0.0434 -0.9755
vn -0.1764 -0.0127 -0.9842
vn -0.1466 0.0104 -0.9891
vn 0.1764 -0.0127 -0.9842
vn 0.2157 -0.0434 -0.9755
vn 0.1466 0.0104 -0.9891
vn 0.4046 0.0266 -0.9141
vn -0.4046 0.0266 -0.9141
vn -0.7659 0.6423 0.0290
vn -0.7878 0.6157 0.0161
vn -0.8073 0.5901 0.0041
vn 0.7659 0.6423 0.0290
vn 0.7878 0.6157 0.0161
vn 0.7330 0.6786 0.0472
vn 0.6376 -0.1840 -0.7481
vn 0.4841 -0.2179 -0.8474
vn 0.4200 -0.2291 -0.8781
vn -0.4841 -0.2179 -0.8474
vn -0.6376 -0.1840 -0.7481
vn -0.4200 -0.2291 -0.8781
vn -0.2101 -0.9451 -0.2501
vn -0.2588 -0.9155 -0.3081
vn -0.0687 -0.9943 -0.0818
vn 0.2588 -0.9155 -0.3081
vn 0.2101 -0.9451 -0.2501
vn 0.0687 -0.9943 -0.0818
vn 0.8645 0.4261 -0.2664
vn 0.6392 0.4280 0.6390
vn -0.0113 0.9527 -0.3037
vn -0.4968 0.4472 0.7438
vn -0.8944 0.4472 0.0010
vn -0.3422 0.4472 -0.8264
vn 0.0233 -0.9974 -0.0680
vn 0.1939 -0.9643 -0.1801
vn 0.6269 -0.7034 -0.3351
vn 0.0309 -0.9985 -0.0451
vn -0.0697 -0.7034 0.7074
vn -0.0922 -0.9643 0.2481
vn -0.0539 -0.9974 0.0476
vn 0.6713 -0.1971 0.7145
vn -0.6713 -0.1971 0.7145
vn 0.8326 -0.3017 0.4646
vn -0.8326 -0.3017 0.4646
vn 0.4258 -0.7967 0.4290
vn -0.4258 -0.7967 0.4290
vn 0.3265 -0.4954 0.8050
vn -0.3265 -0.4954 0.8050
vn -0.0649 -0.5714 0.8181
vn 0.0649 -0.5714 0.8181
vn -0.2738 -0.8315 0.4834
vn 0.2738 -0.8315 0.4834
vn -0.7606 -0.3400 0.5531
vn 0.7824 -0.3294 0.5285
vn -0.4658 -0.1863 0.8651
vn 0.4658 -0.1863 0.8651
vn -0.4983 0.1812 0.8478
vn 0.4983 0.1812 0.8478
vn -0.7683 0.3293 0.5488
vn 0.7656 0.3223 0.5568
vn -0.2487 0.8249 0.5076
vn 0.2560 0.8073 0.5317
vn -0.1017 0.5518 0.8277
vn 0.0821 0.6023 0.7940
vn 0.3861 0.5446 0.7445
vn -0.3329 0.5231 0.7846
vn 0.4059 0.7641 0.5014
vn -0.4246 0.7711 0.4745
vn 0.8299 0.2940 0.4742
vn -0.8251 0.2968 0.4808
vn 0.6617 0.2026 0.7219
vn -0.6888 0.1868 0.7005
vn 0.7816 0.3058 -0.5437
vn -0.8400 0.3436 -0.4200
vn 0.2036 0.8146 -0.5431
vn -0.2074 0.8296 -0.5185
vn -0.4381 0.7988 -0.4123
vn 0.4056 0.7605 -0.5070
vn -0.7861 0.3276 -0.5241
vn 0.8642 0.3143 -0.3928
vn -0.8519 -0.3408 -0.3976
vn 0.8519 -0.3408 -0.3976
vn -0.4056 -0.7605 -0.5070
vn 0.4056 -0.7605 -0.5070
vn 0.2074 -0.8296 -0.5185
vn -0.2074 -0.8296 -0.5185
vn 0.8297 -0.3734 -0.4149
vn -0.8297 -0.3734 -0.4149
vn 0.1054 -0.8433 0.5270
vn -0.1367 -0.8748 0.4648
vn 0.1916 -0.8620 0.4693
vn -0.2303 -0.8656 0.4447
vn 0.5959 -0.4256 0.6810
vn -0.5959 -0.4256 0.6810
vn 0.7563 -0.0299 0.6535
vn -0.7563 -0.0299 0.6535
vn 0.8069 0.0689 0.5866
vn -0.8069 0.0689 0.5866
vn 0.2334 -0.7779 0.5834
vn -0.2334 -0.7779 0.5834
vn 0.4177 -0.5751 0.7034
vn -0.3557 -0.7290 0.5848
vn 0.6872 -0.4191 0.5934
vn -0.6872 -0.4191 0.5934
vn 0.5537 -0.2978 0.7777
vn -0.7028 -0.3915 0.5939
vn 0.8227 0.3606 0.4395
vn -0.3127 0.3425 0.8860
vn 0.5041 0.6448 0.5745
vn -0.5091 0.6482 0.5663
vn 0.6155 0.4924 0.6155
vn -0.6155 0.4924 0.6155
vn -0.0371 0.6685 0.7428
vn 0.0486 0.6560 0.7532
vn -0.7386 0.3768 0.5590
vn 0.7104 0.2715 0.6494
vn -0.5774 0.5773 0.5773
vn 0.6013 0.5261 0.6013
vn 0.5364 -0.3230 0.7797
vn -0.5070 -0.6281 0.5903
vn 0.2181 -0.4685 0.8561
vn -0.2181 -0.4685 0.8561
vn -0.1073 -0.5010 0.8588
vn 0.0348 -0.5792 0.8144
vn -0.0770 -0.5759 0.8139
vn 0.0899 -0.7843 0.6138
vn 0.0279 -0.8645 0.5019
vn -0.0547 -0.1695 0.9840
vn 0.1687 -0.3127 0.9347
vn -0.4260 -0.0609 0.9027
vn 0.4350 -0.1812 0.8820
vn -0.3352 -0.1828 0.9243
vn 0.3223 -0.2762 0.9054
vn -0.3579 -0.3068 0.8819
vn 0.4815 -0.2408 0.8427
vn -0.3069 0.2113 0.9280
vn -0.0317 -0.1899 0.9813
vn 0.0317 -0.1899 0.9813
vn 0.1854 -0.4956 0.8485
vn -0.6819 -0.2915 0.6709
vn 0.2623 -0.3498 0.8994
vn -0.2623 -0.3498 0.8994
vn 0.0585 -0.0845 0.9947
vn 0.0066 -0.2316 0.9728
vn -0.0136 -0.6507 0.7592
vn 0.0136 -0.6507 0.7592
vn 0.2404 -0.5476 0.8014
vn -0.2404 -0.5476 0.8014
vn 0.3143 -0.3928 0.8642
vn -0.3128 -0.1662 0.9352
vn 0.2821 -0.0164 0.9592
vn -0.2821 -0.0164 0.9592
vn 0.3272 -0.1432 0.9340
vn -0.3272 -0.1432 0.9340
vn 0.0232 0.0511 0.9984
vn 0.0043 -0.0651 0.9979
vn 0.7826 -0.6087 -0.1304
vn -0.7826 -0.6087 -0.1304
vn 0.9448 0.1919 -0.2657
vn -0.9448 0.1919 -0.2657
vn 0.1018 0.9165 -0.3870
vn -0.0693 0.9004 -0.4294
vn -0.6905 0.5492 0.4708
vn 0.4319 -0.8639 0.2592
vn -0.4071 -0.8956 0.1791
vn -0.6667 0.6667 0.3333
vn 0.6667 0.6667 0.3333
vn 0.1347 0.8086 0.5728
vn -0.1347 0.8086 0.5728
vn 0.7639 0.2971 0.5729
vn -0.7532 0.2870 0.5918
vn 0.4116 -0.8575 0.3087
vn -0.4116 -0.8575 0.3087
vn 0.0375 0.2247 0.9737
vn -0.0502 0.2343 0.9709
vn 0.1304 -0.2609 0.9565
vn -0.1304 -0.2609 0.9565
vn -0.0631 -0.8206 0.5681
vn 0.0631 -0.8206 0.5681
vn 0.7325 0.2817 0.6198
vn -0.7325 0.2817 0.6198
vn 0.3319 0.0738 0.9404
vn -0.5460 -0.4310 0.7184
vn 0.2815 0.0662 0.9573
vn -0.3231 0.0311 0.9459
vn 0.8753 0.2059 0.4376
vn -0.7357 0.3910 0.5531
vn 0.8973 0.1994 0.3938
vn -0.8480 0.3180 0.4240
vn 0.9586 0.0664 0.2767
vn -0.9586 0.0664 0.2767
vn 0.2524 -0.8655 0.4327
vn -0.1783 -0.4161 0.8917
vn -0.1751 -0.2043 0.9631
vn 0.1751 -0.2043 0.9631
vn -0.1219 -0.1829 0.9755
vn 0.1219 -0.1829 0.9755
vn -0.1562 0.3123 0.9370
vn 0.1562 0.3123 0.9370
vn 0.1583 0.9494 0.2713
vn -0.7238 0.6858 0.0762
vn 0.7238 0.6858 0.0762
vn -0.3052 -0.9449 0.1181
vn 0.0478 -0.2870 0.9567
vn -0.0478 -0.2870 0.9567
vn -0.5488 -0.3293 0.7683
vn 0.5488 -0.3293 0.7683
vn -0.4945 -0.1130 0.8618
vn 0.4945 -0.1130 0.8618
vn -0.2595 0.1038 0.9601
vn 0.1717 -0.0090 0.9851
vn -0.6684 -0.4595 0.5849
vn 0.4332 -0.4874 0.7581
vn -0.1156 -0.6359 0.7631
vn 0.1156 -0.6359 0.7631
vn 0.4242 -0.6211 0.6590
vn -0.4242 -0.6211 0.6590
vn 0.4767 -0.3557 0.8039
vn -0.4767 -0.3557 0.8039
vn 0.5871 -0.0839 0.8052
vn -0.5871 -0.0839 0.8052
vn 0.5773 0.1155 0.8083
vn -0.5657 0.1197 0.8159
vn 0.5214 0.6574 0.5440
vn -0.4082 0.4083 0.8165
vn 0.3358 0.3478 0.8754
vn -0.3358 0.3478 0.8754
vn 0.1452 0.3774 0.9146
vn -0.1452 0.3774 0.9146
vn 0.0301 0.2306 0.9726
vn -0.0301 0.2306 0.9726
vn 0.3553 -0.5739 0.7379
vn -0.2804 -0.2181 0.9348
vn 0.2627 -0.2252 0.9382
vn -0.2627 -0.2252 0.9382
vn -0.0631 -0.3156 0.9468
vn 0.3766 -0.8339 0.4035
vn -0.2016 -0.9071 0.3695
vn -0.0823 -0.7822 0.6175
vn -0.3356 -0.2397 0.9110
vn 0.3356 -0.2397 0.9110
vn -0.4568 0.0508 0.8881
vn 0.2692 -0.0577 0.9614
vn -0.0247 0.4072 0.9130
vn 0.0247 0.4072 0.9130
vn -0.0487 0.6815 0.7302
vn 0.0213 0.5546 0.8319
vn 0.3378 0.5221 0.7831
vn -0.3778 0.6342 0.6746
vn 0.7895 -0.3158 0.5263
vn -0.7895 -0.3158 0.5263
vn 0.8070 -0.0807 0.5851
vn -0.8070 -0.0807 0.5851
vn 0.7868 0.1210 0.6052
vn -0.7868 0.1210 0.6052
vn -0.6357 0.6811 -0.3633
vn 0.6357 0.6811 -0.3633
vn -0.8507 0.3650 -0.3783
vn 0.8507 0.3650 -0.3783
vn -0.2197 0.8626 -0.4557
vn 0.2663 0.8710 -0.4127
vn 0.5914 0.7489 -0.2991
vn -0.5932 0.7445 -0.3063
vn 0.3653 0.8833 -0.2938
vn -0.3714 0.8685 -0.3284
vn 0.2760 0.9159 -0.2915
vn -0.2760 0.9159 -0.2915
vn 0.7964 0.1323 -0.5901
vn -0.8873 0.1343 -0.4412
vn 0.5442 -0.7524 -0.3712
vn -0.5442 -0.7524 -0.3712
vn 0.4027 -0.7323 -0.5492
vn -0.4027 -0.7322 -0.5492
vn 0.1649 -0.6644 -0.7289
vn -0.3617 -0.3858 -0.8487
vn 0.3011 -0.0125 -0.9535
vn -0.1952 -0.0976 -0.9759
vn 0.2562 -0.3112 -0.9152
vn 0.0107 -0.5633 -0.8262
vn 0.0778 -0.9948 -0.0663
vn -0.0778 -0.9948 -0.0663
vn 0.1095 -0.9718 -0.2090
vn -0.1095 -0.9718 -0.2090
vn 0.8150 -0.5621 -0.1405
vn -0.8150 -0.5621 -0.1405
vn 0.9358 0.1396 -0.3236
vn -0.9358 0.1396 -0.3236
vn 0.1132 -0.0274 -0.9932
vn -0.1132 -0.0274 -0.9932
vn -0.1497 -0.3635 -0.9195
vn -0.1211 -0.0530 -0.9912
vn 0.3706 -0.6780 -0.6349
vn -0.9094 0.1371 -0.3927
vn 0.9193 0.1393 -0.3682
vn -0.9193 0.1393 -0.3682
vn 0.9457 0.2673 -0.1850
vn -0.9173 0.3440 -0.2007
vn 0.9337 0.2813 -0.2215
vn -0.9004 0.3642 -0.2380
vn 0.9501 0.2455 -0.1922
vn -0.8945 0.4337 0.1084
vn 0.1835 -0.7864 -0.5898
vn -0.1596 -0.9577 -0.2394
vn 0.3727 -0.4759 -0.7966
vn -0.3693 -0.4712 -0.8010
vn 0.3263 -0.8342 -0.4446
vn -0.2986 -0.8236 -0.4821
vn 0.2620 -0.9574 -0.1217
vn -0.2620 -0.9574 -0.1217
vn 0.2996 -0.9443 -0.1362
vn -0.2996 -0.9443 -0.1362
vn 0.8642 -0.4737 0.1696
vn -0.8305 0.3333 -0.4463
vn 0.6869 -0.6358 0.3521
vn -0.6869 -0.6358 0.3521
vn 0.4189 -0.2265 -0.8793
vn -0.2950 -0.0454 -0.9544
vn 0.1119 0.9626 0.2468
vn -0.1272 0.9658 0.2260
vn 0.1208 0.9734 -0.1947
vn -0.1208 0.9734 -0.1947
vn 0.3140 0.5711 -0.7585
vn -0.3140 0.5711 -0.7585
vn 0.3230 0.9288 -0.1817
vn -0.3231 0.9288 -0.1817
vn 0.0452 0.7955 0.6043
vn -0.0452 0.7955 0.6043
vn 0.6144 0.7696 0.1738
vn -0.6144 0.7696 0.1738
vn 0.6935 0.6857 -0.2212
vn -0.6935 0.6857 -0.2212
vn 0.6304 0.2517 -0.7343
vn -0.7104 0.1364 -0.6904
vn 0.3179 0.5704 -0.7574
vn -0.3179 0.5704 -0.7574
vn 0.6289 0.7624 -0.1525
vn -0.6289 0.7624 -0.1525
vn 0.7088 0.6833 0.1752
vn -0.7088 0.6833 0.1752
vn 0.6885 0.3830 0.6158
vn -0.6885 0.3830 0.6158
vn 0.3238 0.9434 -0.0720
vn -0.3669 0.8840 -0.2898
vn 0.1548 0.5080 0.8473
vn -0.2854 0.6237 0.7277
vn -0.1819 0.1145 -0.9766
vn 0.1819 0.1145 -0.9766
vn -0.2638 0.9462 -0.1871
vn 0.2638 0.9462 -0.1871
vn 0.9340 0.2255 0.2773
vn -0.8681 0.0893 -0.4883
vn 0.9758 0.1241 0.1800
vn -0.9758 0.1241 0.1800
vn 0.9613 0.1472 -0.2330
vn -0.9613 0.1472 -0.2330
vn 0.9956 0.0893 -0.0288
vn -0.9817 -0.0304 -0.1882
vn 0.6374 -0.7651 0.0915
vn -0.7466 -0.6646 0.0285
vn 0.3720 -0.9244 0.0845
vn -0.3723 -0.9243 0.0847
vn 0.5281 -0.8354 0.1522
vn -0.5281 -0.8354 0.1522
vn 0.3070 -0.5237 0.7946
vn -0.3070 -0.5237 0.7946
vn 0.5236 -0.3290 -0.7859
vn -0.5881 -0.3070 -0.7483
vn 0.5396 -0.3343 -0.7727
vn -0.4694 -0.2400 -0.8498
vn 0.2144 -0.8341 -0.5082
vn -0.4463 -0.8452 -0.2941
vn 0.7365 -0.6154 -0.2808
vn -0.6973 -0.6610 -0.2771
vn 0.3244 0.4867 0.8111
vn -0.3691 0.2855 0.8844
vn 0.4649 0.2593 0.8465
vn -0.4649 0.2593 0.8465
vn 0.1817 -0.0079 0.9833
vn -0.3188 0.1993 0.9266
vn 0.2925 -0.0758 0.9533
vn -0.2076 -0.0836 0.9746
vn 0.5847 -0.2198 0.7809
vn -0.3398 0.0824 0.9369
vn 0.6509 -0.1939 0.7340
vn -0.6509 -0.1939 0.7340
vn 0.4075 0.7506 0.5201
vn -0.4075 0.7506 0.5201
vn -0.2655 0.8296 0.4911
vn 0.2655 0.8296 0.4911
vn -0.7885 0.2366 0.5677
vn 0.8576 0.2223 0.4637
vn -0.5242 -0.3548 0.7742
vn 0.5257 -0.3579 0.7717
vn 0.4390 -0.5252 0.7290
vn -0.4663 -0.5991 0.6509
vn 0.6888 -0.4428 0.5740
vn -0.6888 -0.4428 0.5740
vn 0.6302 -0.7658 0.1282
vn -0.7507 -0.6131 -0.2461
vn -0.2175 0.2733 0.9370
vn 0.1788 0.2923 0.9395
vn 0.9046 -0.3869 -0.1792
vn -0.9046 -0.3869 -0.1792
vn 0.1782 -0.0891 0.9800
vn -0.1782 -0.0891 0.9800
vn -0.2335 0.8972 0.3749
vn 0.2335 0.8972 0.3749
vn 0.7177 0.1689 0.6755
vn -0.4479 -0.4480 0.7737
vn 0.5313 0.5844 0.6134
vn -0.5313 0.5844 0.6134
vn 0.9008 -0.4075 0.1501
vn -0.5534 -0.5534 0.6225
vn 0.5815 -0.5217 0.6243
vn -0.5724 -0.3122 0.7582
vn 0.6138 -0.2571 0.7465
vn -0.5597 -0.5533 0.6169
vn 0.8779 -0.4788 0.0076
vn -0.8779 -0.4788 0.0076
vn 0.8717 -0.4446 -0.2063
vn -0.9227 -0.3766 -0.0825
vn 0.7661 -0.6362 0.0909
vn -0.7661 -0.6362 0.0909
vn 0.7930 -0.5947 0.1322
vn -0.7815 -0.6176 0.0882
vn 0.7022 -0.7023 0.1170
vn -0.7022 -0.7023 0.1170
vn 0.2408 0.9631 -0.1204
vn -0.1240 0.9921 0.0207
vn 0.9251 0.3469 0.1542
vn -0.9435 0.3145 0.1048
vn 0.7071 -0.7071 -0.0000
vn -0.7071 -0.7071 -0.0000
vn -0.0157 0.9898 0.1414
vn 0.0157 0.9898 0.1414
vn 0.6266 -0.7211 0.2956
vn -0.6266 -0.7211 0.2956
vn 0.2715 -0.9022 0.3353
vn -0.2715 -0.9022 0.3353
vn -0.8651 -0.4853 -0.1266
vn 0.8651 -0.4853 -0.1266
vn -0.8538 0.2328 -0.4657
vn 0.8096 0.2429 -0.5343
vn -0.5433 0.6985 -0.4657
vn 0.5621 0.8231 -0.0803
vn -0.1096 0.9939 -0.0157
vn 0.0071 0.9899 0.1414
vn 0.1738 0.0097 0.9847
vn -0.1046 0.0392 0.9937
vn 0.4134 0.0413 0.9096
vn -0.2461 0.0852 0.9655
vn 0.3228 -0.0461 0.9453
vn -0.3228 -0.0461 0.9453
vn 0.1220 0.0458 0.9915
vn -0.2104 0.0124 0.9775
vn 0.5679 0.1916 0.8005
vn -0.5679 0.1916 0.8005
vn 0.4244 -0.0320 0.9049
vn -0.3787 -0.0364 0.9248
vn 0.2570 0.0723 0.9637
vn -0.2530 -0.1897 0.9487
vn 0.1351 -0.0225 0.9906
vn -0.1351 -0.0225 0.9906
vn -0.2981 0.7454 0.5963
vn 0.4871 0.6088 0.6262
vn 0.5571 -0.1486 0.8171
vn -0.5571 -0.1486 0.8171
vn 0.4723 -0.1986 0.8588
vn -0.4388 -0.2008 0.8759
vn 0.2975 -0.4062 0.8640
vn -0.5786 -0.1334 0.8046
vn 0.5771 0.2164 0.7875
vn -0.5771 0.2164 0.7875
vn 0.0931 -0.9932 -0.0692
vn -0.0931 -0.9932 -0.0692
vn 0.5161 -0.8527 -0.0812
vn -0.5161 -0.8527 -0.0812
vn 0.9264 -0.2460 0.2851
vn -0.9309 -0.2541 0.2624
vn 0.8267 0.5627 -0.0035
vn -0.8465 0.5291 -0.0595
vn -0.2146 0.9243 -0.3157
vn 0.2511 0.9439 -0.2145
vn -0.4196 0.8851 -0.2012
vn 0.4841 0.8743 -0.0361
vn -0.5470 -0.0144 -0.8370
vn 0.5256 -0.0030 -0.8507
vn -0.2556 -0.0749 -0.9639
vn 0.2556 -0.0749 -0.9639
vn -0.7330 0.6786 0.0472
vn 0.8073 0.5901 0.0041
vn 0.6844 -0.1711 -0.7088
vn -0.6844 -0.1711 -0.7088
vn -0.3604 -0.8283 -0.4290
vn 0.3604 -0.8283 -0.4290
vt 0.001955 0.426408
vt 0.261844 0.488450
vt 0.002963 0.460327
vt 0.261651 0.499216
vt 0.003940 0.496153
vt 0.261322 0.510247
vt 0.004849 0.532508
vt 0.260866 0.521150
vt 0.005655 0.567994
vt 0.260930 0.531349
vt 0.006326 0.601249
vt 0.260897 0.540515
vt 0.006837 0.630994
vt 0.000000 0.656268
vt 0.000000 0.932066
vt 0.094256 0.656722
vt 0.028761 0.932613
vt 0.104227 0.657118
vt 0.061315 0.932892
vt 0.115033 0.657442
vt 0.096409 0.932892
vt 0.132695 0.932613
vt 0.126251 0.657053
vt 0.168779 0.932066
vt 0.148040 0.656682
vt 0.203274 0.931271
vt 0.157886 0.656713
vt 0.234854 0.930260
vt 0.166576 0.656890
vt 0.262306 0.929071
vt 0.817163 0.641162
vt 0.828301 0.642172
vt 0.769762 0.898414
vt 0.804452 0.898993
vt 0.838512 0.642220
vt 0.840602 0.899853
vt 0.849126 0.642407
vt 0.876824 0.900960
vt 0.869999 0.643167
vt 0.911724 0.902272
vt 0.879490 0.643712
vt 0.943963 0.903738
vt 0.887871 0.644342
vt 0.972300 0.905302
vt 0.737667 0.639511
vt 0.833247 0.369883
vt 0.765502 0.640604
vt 0.829472 0.448918
vt 0.797367 0.641162
vt 0.852839 0.370411
vt 0.832040 0.641162
vt 0.863536 0.370517
vt 0.868186 0.640604
vt 0.874315 0.370510
vt 0.904417 0.639511
vt 0.884771 0.370390
vt 0.939341 0.637923
vt 0.894506 0.370160
vt 0.971615 0.635902
vt 1.000000 0.633525
vt 0.006783 0.238335
vt 0.130683 0.007025
vt 0.361909 0.131041
vt -0.000000 0.369376
vt 0.261804 0.469178
vt 0.000954 0.395697
vt 0.261895 0.478323
vt 0.585783 0.759396
vt 0.571801 0.771778
vt 0.571742 0.759402
vt 0.585842 0.771772
vt 0.571832 0.784877
vt 0.585873 0.784871
vt 0.571832 0.798196
vt 0.585873 0.798191
vt 0.571801 0.811224
vt 0.585842 0.811219
vt 0.571742 0.823460
vt 0.585783 0.823454
vt 0.571656 0.834433
vt 0.585696 0.834427
vt 0.571546 0.843722
vt 0.798010 0.276019
vt 0.783697 0.286829
vt 0.783979 0.276062
vt 0.797728 0.286786
vt 0.783503 0.298977
vt 0.797534 0.298934
vt 0.783404 0.312041
vt 0.797435 0.311998
vt 0.783404 0.325517
vt 0.797435 0.325474
vt 0.783503 0.338888
vt 0.797534 0.338845
vt 0.783697 0.351641
vt 0.797728 0.351598
vt 0.783979 0.363284
vt 0.586569 0.834629
vt 0.600306 0.824519
vt 0.600602 0.834629
vt 0.586273 0.824518
vt 0.600087 0.812916
vt 0.586053 0.812915
vt 0.599952 0.800266
vt 0.585918 0.800265
vt 0.599906 0.787056
vt 0.585873 0.787055
vt 0.599952 0.773792
vt 0.585918 0.773791
vt 0.600087 0.760985
vt 0.586053 0.760984
vt 0.600306 0.749127
vt 0.586273 0.749126
vt 0.600602 0.738674
vt 0.571545 0.738673
vt 0.556911 0.749129
vt 0.557543 0.738697
vt 0.570914 0.749105
vt 0.556442 0.761045
vt 0.570444 0.761022
vt 0.556153 0.773988
vt 0.570155 0.773965
vt 0.556055 0.787461
vt 0.570057 0.787437
vt 0.556153 0.800944
vt 0.570155 0.800920
vt 0.556442 0.813921
vt 0.570444 0.813897
vt 0.556911 0.825892
vt 0.570914 0.825868
vt 0.557543 0.836398
vt 0.785422 0.002791
vt 0.869624 0.048571
vt 0.824617 0.135295
vt 0.585586 0.738673
vt 0.571656 0.748226
vt 0.571546 0.738678
vt 0.585696 0.748220
vt 0.824660 0.273411
vt 0.740417 0.226954
vt 0.785446 0.140694
vt 0.316252 0.426439
vt 0.268662 0.460386
vt 0.268502 0.426452
vt 0.316412 0.460373
vt 0.268744 0.496225
vt 0.316493 0.496212
vt 0.268744 0.532591
vt 0.316493 0.532578
vt 0.268662 0.568087
vt 0.316412 0.568074
vt 0.268502 0.601348
vt 0.316252 0.601335
vt 0.268269 0.631097
vt 0.316019 0.631084
vt 0.267973 0.656190
vt 0.311592 0.656268
vt 0.263105 0.685152
vt 0.263873 0.656395
vt 0.310823 0.685024
vt 0.262576 0.717702
vt 0.310294 0.717575
vt 0.262306 0.752795
vt 0.310024 0.752667
vt 0.262306 0.789082
vt 0.310024 0.788955
vt 0.262576 0.825169
vt 0.310294 0.825042
vt 0.263105 0.859669
vt 0.310823 0.859542
vt 0.263873 0.891256
vt 0.318363 0.894236
vt 0.365294 0.866388
vt 0.366088 0.894254
vt 0.317569 0.866370
vt 0.364704 0.834495
vt 0.316979 0.834477
vt 0.364341 0.799802
vt 0.316616 0.799784
vt 0.364218 0.763641
vt 0.316493 0.763624
vt 0.364341 0.727403
vt 0.316616 0.727385
vt 0.364704 0.692480
vt 0.316979 0.692462
vt 0.365294 0.660213
vt 0.317569 0.660196
vt 0.366088 0.631844
vt 0.368183 0.369376
vt 0.318836 0.397227
vt 0.320564 0.369425
vt 0.366454 0.397179
vt 0.317551 0.429072
vt 0.365170 0.429023
vt 0.316760 0.463735
vt 0.364379 0.463686
vt 0.316493 0.499885
vt 0.364112 0.499836
vt 0.316760 0.536131
vt 0.364379 0.536083
vt 0.317551 0.571082
vt 0.365170 0.571033
vt 0.318836 0.603395
vt 0.366454 0.603346
vt 0.320564 0.631826
vt 0.499672 0.007097
vt 0.730756 0.130802
vt 0.607161 0.362237
vt 0.315723 0.369376
vt 0.268269 0.395726
vt 0.267973 0.369389
vt 0.316019 0.395713
vt 0.716686 0.641477
vt 0.466016 0.717655
vt 0.389980 0.466530
vt 0.481650 0.794215
vt 0.478823 0.799704
vt 0.477098 0.794262
vt 0.637939 0.783381
vt 0.632366 0.785472
vt 0.632420 0.781020
vt 0.474461 0.801127
vt 0.472427 0.794255
vt 0.639493 0.780187
vt 0.632517 0.777293
vt 0.312076 0.720025
vt 0.315386 0.715200
vt 0.315681 0.722504
vt 0.315415 0.730019
vt 0.312045 0.724859
vt 0.315672 0.722504
vt 0.482512 0.797081
vt 0.482736 0.801869
vt 0.640295 0.788903
vt 0.635270 0.786653
vt 0.484700 0.798030
vt 0.490336 0.799451
vt 0.485611 0.801871
vt 0.638023 0.794311
vt 0.636454 0.789814
vt 0.311788 0.714468
vt 0.315681 0.707780
vt 0.315672 0.737218
vt 0.311788 0.730586
vt 0.492469 0.793914
vt 0.493302 0.800986
vt 0.509092 0.793555
vt 0.506455 0.800420
vt 0.505158 0.793565
vt 0.487139 0.796814
vt 0.513434 0.796335
vt 0.510327 0.798986
vt 0.488206 0.793900
vt 0.490336 0.788439
vt 0.510327 0.787976
vt 0.512816 0.793475
vt 0.495855 0.793983
vt 0.506455 0.786223
vt 0.736794 0.745303
vt 0.732948 0.738673
vt 0.736697 0.739856
vt 0.315646 0.745237
vt 0.311788 0.751928
vt 0.311958 0.744448
vt 0.484700 0.789627
vt 0.487139 0.790728
vt 0.628051 0.789814
vt 0.627012 0.794311
vt 0.624647 0.788903
vt 0.482512 0.790996
vt 0.482736 0.786223
vt 0.484700 0.789747
vt 0.629185 0.786653
vt 0.626927 0.783381
vt 0.736651 0.751044
vt 0.733063 0.745851
vt 0.315459 0.739739
vt 0.311788 0.737218
vt 0.474461 0.786930
vt 0.478823 0.788694
vt 0.625294 0.780187
vt 0.693817 0.770757
vt 0.695242 0.773942
vt 0.694723 0.773937
vt 0.316485 0.737505
vt 0.315646 0.740776
vt 0.315838 0.737218
vt 0.368114 0.665461
vt 0.368820 0.668910
vt 0.368197 0.668758
vt 0.368114 0.658646
vt 0.368774 0.655282
vt 0.368973 0.658783
vt 0.368114 0.662569
vt 0.368960 0.665257
vt 0.368114 0.661659
vt 0.368915 0.662096
vt 0.367346 0.770304
vt 0.366891 0.766749
vt 0.367805 0.767044
vt 0.367300 0.721690
vt 0.366914 0.718224
vt 0.368209 0.721696
vt 0.366891 0.773399
vt 0.366318 0.770318
vt 0.366914 0.724893
vt 0.368664 0.725333
vt 0.367745 0.728174
vt 0.367849 0.724893
vt 0.367892 0.756412
vt 0.368787 0.759124
vt 0.367976 0.759583
vt 0.368629 0.728322
vt 0.368025 0.731712
vt 0.368152 0.752769
vt 0.368769 0.756224
vt 0.693817 0.776846
vt 0.694337 0.777140
vt 0.316485 0.743576
vt 0.315838 0.743868
vt 0.316210 0.778248
vt 0.313441 0.781994
vt 0.312092 0.779014
vt 0.439159 0.790306
vt 0.439194 0.793711
vt 0.434427 0.792108
vt 0.316210 0.782924
vt 0.436408 0.796345
vt 0.311844 0.768854
vt 0.315103 0.771788
vt 0.312509 0.773483
vt 0.432947 0.796140
vt 0.316210 0.768496
vt 0.430573 0.793655
vt 0.314639 0.765139
vt 0.430573 0.789913
vt 0.311844 0.763943
vt 0.433001 0.787410
vt 0.312392 0.775414
vt 0.314704 0.773483
vt 0.436820 0.787484
vt 0.697478 0.790882
vt 0.699410 0.784879
vt 0.700306 0.791522
vt 0.697478 0.778713
vt 0.697161 0.784819
vt 0.697505 0.793468
vt 0.701506 0.796996
vt 0.697505 0.776084
vt 0.700306 0.778194
vt 0.748101 0.365716
vt 0.753817 0.367035
vt 0.748442 0.367731
vt 0.689414 0.767704
vt 0.695242 0.766013
vt 0.694338 0.768227
vt 0.750297 0.358655
vt 0.754496 0.363667
vt 0.689500 0.764123
vt 0.693082 0.758971
vt 0.751950 0.349159
vt 0.755937 0.359435
vt 0.687994 0.759932
vt 0.690362 0.749728
vt 0.377781 0.790910
vt 0.373306 0.797545
vt 0.368999 0.787005
vt 0.376172 0.768132
vt 0.379242 0.775915
vt 0.369899 0.777777
vt 0.655320 0.766947
vt 0.664058 0.768008
vt 0.658529 0.770845
vt 0.498182 0.784983
vt 0.491290 0.777822
vt 0.499610 0.781255
vt 0.656385 0.758188
vt 0.658682 0.763861
vt 0.506443 0.780527
vt 0.654426 0.749676
vt 0.649291 0.759461
vt 0.515822 0.778244
vt 0.511022 0.775980
vt 0.658552 0.747930
vt 0.658470 0.752063
vt 0.513564 0.772826
vt 0.510179 0.772832
vt 0.665291 0.744076
vt 0.661898 0.750965
vt 0.511089 0.763736
vt 0.507331 0.762484
vt 0.673624 0.743421
vt 0.669561 0.746597
vt 0.506620 0.756580
vt 0.498486 0.743881
vt 0.491989 0.741053
vt 0.495925 0.739098
vt 0.457609 0.794032
vt 0.463470 0.796447
vt 0.459434 0.797370
vt 0.494550 0.751973
vt 0.493768 0.744177
vt 0.446186 0.796147
vt 0.450382 0.789794
vt 0.450448 0.797213
vt 0.494373 0.755180
vt 0.491085 0.751485
vt 0.445524 0.798876
vt 0.448778 0.800919
vt 0.463671 0.791478
vt 0.468639 0.794449
vt 0.465174 0.793985
vt 0.501154 0.760233
vt 0.495839 0.756531
vt 0.503278 0.754269
vt 0.489450 0.747811
vt 0.486848 0.740746
vt 0.487975 0.745855
vt 0.484739 0.744581
vt 0.503337 0.762158
vt 0.477992 0.738673
vt 0.479496 0.742507
vt 0.504856 0.765930
vt 0.476274 0.739104
vt 0.476584 0.743673
vt 0.507660 0.772396
vt 0.472427 0.744427
vt 0.473956 0.746800
vt 0.506576 0.775503
vt 0.659790 0.759054
vt 0.662644 0.763886
vt 0.503217 0.777853
vt 0.665745 0.765855
vt 0.496478 0.777413
vt 0.673624 0.770866
vt 0.670672 0.763300
vt 0.482131 0.770775
vt 0.492171 0.775315
vt 0.480425 0.758545
vt 0.484038 0.764945
vt 0.476278 0.764564
vt 0.489935 0.768638
vt 0.464469 0.797961
vt 0.493668 0.761145
vt 0.491534 0.756234
vt 0.487816 0.754934
vt 0.488177 0.760387
vt 0.485138 0.757178
vt 0.491356 0.763776
vt 0.482552 0.758252
vt 0.490233 0.766403
vt 0.695242 0.787045
vt 0.681575 0.770149
vt 0.682542 0.767565
vt 0.687131 0.768664
vt 0.676006 0.766850
vt 0.676077 0.770472
vt 0.673624 0.770286
vt 0.683901 0.765559
vt 0.758841 0.364509
vt 0.760127 0.360272
vt 0.758322 0.350024
vt 0.760080 0.359113
vt 0.682751 0.760136
vt 0.684931 0.750712
vt 0.682658 0.761326
vt 0.676731 0.747605
vt 0.674624 0.752342
vt 0.673624 0.746645
vt 0.679888 0.751481
vt 0.677256 0.751912
vt 0.678760 0.760495
vt 0.674855 0.761428
vt 0.675289 0.762531
vt 0.679229 0.763648
vt 0.761989 0.342143
vt 0.763422 0.344008
vt 0.762303 0.344447
vt 0.367581 0.738008
vt 0.368259 0.736416
vt 0.369000 0.738673
vt 0.762475 0.339244
vt 0.763298 0.342309
vt 0.366550 0.736308
vt 0.369000 0.733503
vt 0.367840 0.744159
vt 0.366390 0.746521
vt 0.366390 0.742742
vt 0.367840 0.741263
vt 0.366390 0.738993
vt 0.367840 0.738673
vt 0.671748 0.779265
vt 0.672739 0.776964
vt 0.673341 0.778905
vt 0.765257 0.366843
vt 0.766777 0.364892
vt 0.767649 0.366787
vt 0.367892 0.753468
vt 0.366390 0.750323
vt 0.367825 0.750336
vt 0.367892 0.747094
vt 0.366471 0.746780
vt 0.647947 0.777293
vt 0.649291 0.779557
vt 0.647947 0.779757
vt 0.452368 0.795090
vt 0.451619 0.791578
vt 0.453219 0.794179
vt 0.455378 0.791532
vt 0.456743 0.789645
vt 0.457609 0.790331
vt 0.766934 0.368036
vt 0.369000 0.746247
vt 0.367840 0.746780
vt 0.369000 0.739298
vt 0.764798 0.339794
vt 0.763594 0.338805
vt 0.456728 0.794449
vt 0.454190 0.796120
vt 0.454161 0.794864
vt 0.739240 0.367731
vt 0.737833 0.369185
vt 0.737833 0.368154
vt 0.453735 0.787409
vt 0.454816 0.791100
vt 0.456926 0.792840
vt 0.452914 0.788854
vt 0.478767 0.769459
vt 0.316210 0.790414
vt 0.311758 0.788304
vt 0.316210 0.782925
vt 0.476175 0.767132
vt 0.472427 0.768287
vt 0.682246 0.743517
vt 0.679174 0.740453
vt 0.678682 0.738673
vt 0.759943 0.342553
vt 0.679414 0.745698
vt 0.683155 0.746011
vt 0.762168 0.350251
vt 0.759394 0.345140
vt 0.752971 0.344521
vt 0.688067 0.745428
vt 0.753648 0.342228
vt 0.686937 0.743264
vt 0.754724 0.339968
vt 0.716563 0.744550
vt 0.721309 0.743705
vt 0.720649 0.746022
vt 0.366088 0.672636
vt 0.366348 0.676086
vt 0.366088 0.676627
vt 0.682373 0.762264
vt 0.679499 0.763920
vt 0.676057 0.763297
vt 0.676710 0.766148
vt 0.683027 0.765115
vt 0.678331 0.768254
vt 0.678887 0.767587
vt 0.682045 0.767070
vt 0.680593 0.768188
vt 0.680508 0.767615
vt 0.368118 0.681946
vt 0.366088 0.680193
vt 0.368118 0.680224
vt 0.368118 0.678472
vt 0.366088 0.678441
vt 0.366378 0.683576
vt 0.366088 0.681915
vt 0.366378 0.676627
vt 0.769791 0.367849
vt 0.771823 0.365628
vt 0.772187 0.368072
vt 0.772527 0.365461
vt 0.774423 0.367819
vt 0.772187 0.367852
vt 0.366653 0.672659
vt 0.368651 0.676148
vt 0.368792 0.669196
vt 0.368956 0.672722
vt 0.734118 0.768151
vt 0.736758 0.769448
vt 0.732948 0.771448
vt 0.736758 0.766248
vt 0.732948 0.765048
vt 0.735298 0.771141
vt 0.735298 0.764740
vt 0.482221 0.757008
vt 0.484227 0.755741
vt 0.367427 0.698406
vt 0.366133 0.696240
vt 0.367670 0.696124
vt 0.486182 0.753591
vt 0.366684 0.692821
vt 0.368209 0.693264
vt 0.487588 0.750858
vt 0.489825 0.751135
vt 0.497464 0.761339
vt 0.494595 0.762519
vt 0.366457 0.700572
vt 0.368209 0.700224
vt 0.367892 0.753733
vt 0.366566 0.760013
vt 0.366332 0.754279
vt 0.366541 0.760565
vt 0.367892 0.766749
vt 0.366318 0.766166
vt 0.664570 0.762655
vt 0.667150 0.764288
vt 0.496760 0.775506
vt 0.493103 0.773690
vt 0.661722 0.758940
vt 0.502054 0.776132
vt 0.662186 0.755509
vt 0.504732 0.773889
vt 0.661492 0.752228
vt 0.659920 0.755007
vt 0.505823 0.771652
vt 0.666843 0.750314
vt 0.663143 0.753259
vt 0.503113 0.766083
vt 0.669881 0.750853
vt 0.668544 0.751988
vt 0.502097 0.763346
vt 0.487478 0.748222
vt 0.486369 0.746654
vt 0.500280 0.761808
vt 0.313809 0.695274
vt 0.311788 0.694982
vt 0.311952 0.694036
vt 0.499892 0.762679
vt 0.497795 0.762583
vt 0.486724 0.748705
vt 0.485798 0.747331
vt 0.501526 0.764023
vt 0.483541 0.745782
vt 0.483362 0.745121
vt 0.367963 0.709116
vt 0.367238 0.706360
vt 0.368209 0.709066
vt 0.367892 0.746780
vt 0.368914 0.752026
vt 0.367892 0.752769
vt 0.366331 0.706355
vt 0.368209 0.701507
vt 0.313084 0.753702
vt 0.315646 0.753034
vt 0.314105 0.754550
vt 0.671748 0.771455
vt 0.673050 0.773152
vt 0.671938 0.773453
vt 0.313162 0.756992
vt 0.311844 0.756979
vt 0.671748 0.776067
vt 0.312893 0.761305
vt 0.313830 0.761143
vt 0.501820 0.775055
vt 0.496962 0.774907
vt 0.315646 0.763288
vt 0.315057 0.763943
vt 0.493885 0.773283
vt 0.312488 0.707780
vt 0.314870 0.704603
vt 0.316028 0.704895
vt 0.491565 0.768645
vt 0.316080 0.703030
vt 0.314922 0.702737
vt 0.490999 0.766324
vt 0.492003 0.766591
vt 0.314125 0.698149
vt 0.312800 0.696150
vt 0.495171 0.763177
vt 0.315135 0.697882
vt 0.314551 0.700728
vt 0.493317 0.765028
vt 0.316021 0.700635
vt 0.492274 0.764281
vt 0.526629 0.791574
vt 0.521700 0.795567
vt 0.521411 0.791621
vt 0.521700 0.787460
vt 0.515822 0.796163
vt 0.521410 0.788837
vt 0.521411 0.796646
vt 0.497351 0.791961
vt 0.504556 0.786223
vt 0.505158 0.790236
vt 0.444977 0.786970
vt 0.449103 0.782315
vt 0.451027 0.787409
vt 0.463671 0.792646
vt 0.458505 0.788719
vt 0.463671 0.787409
vt 0.438193 0.785713
vt 0.443889 0.781816
vt 0.526989 0.793800
vt 0.531865 0.789507
vt 0.531865 0.794911
vt 0.429711 0.783995
vt 0.438038 0.780782
vt 0.645927 0.761911
vt 0.637940 0.765261
vt 0.641809 0.758940
vt 0.425947 0.778161
vt 0.430453 0.779000
vt 0.644301 0.755307
vt 0.736744 0.764348
vt 0.732948 0.755545
vt 0.736744 0.753383
vt 0.753581 0.281776
vt 0.763215 0.281481
vt 0.754294 0.284960
vt 0.380482 0.813993
vt 0.382173 0.805929
vt 0.383302 0.812213
vt 0.386501 0.761520
vt 0.386440 0.752860
vt 0.388867 0.755117
vt 0.377377 0.806673
vt 0.380571 0.799788
vt 0.383719 0.767491
vt 0.381929 0.759957
vt 0.653206 0.786474
vt 0.655776 0.781258
vt 0.656459 0.786146
vt 0.388333 0.784809
vt 0.385799 0.779976
vt 0.389975 0.778175
vt 0.663918 0.781425
vt 0.665161 0.786628
vt 0.663039 0.790705
vt 0.654995 0.789507
vt 0.671059 0.780182
vt 0.671748 0.785324
vt 0.670033 0.791010
vt 0.703768 0.784875
vt 0.704692 0.790917
vt 0.704692 0.778748
vt 0.706194 0.796960
vt 0.701506 0.772658
vt 0.706194 0.772623
vt 0.669867 0.771723
vt 0.670338 0.775300
vt 0.662683 0.776094
vt 0.719616 0.771298
vt 0.714794 0.769400
vt 0.722192 0.764063
vt 0.662686 0.770866
vt 0.654789 0.776470
vt 0.715149 0.762015
vt 0.724047 0.756363
vt 0.660876 0.795170
vt 0.653226 0.792968
vt 0.668286 0.796955
vt 0.651123 0.780672
vt 0.649291 0.776175
vt 0.730129 0.754303
vt 0.726662 0.758070
vt 0.653045 0.771197
vt 0.717604 0.752675
vt 0.724840 0.750861
vt 0.749948 0.342937
vt 0.724805 0.748133
vt 0.724022 0.745848
vt 0.748667 0.345438
vt 0.719845 0.748281
vt 0.752826 0.339164
vt 0.723498 0.743623
vt 0.380116 0.791119
vt 0.378178 0.799617
vt 0.381577 0.776124
vt 0.381326 0.767320
vt 0.547673 0.761643
vt 0.556055 0.773637
vt 0.545957 0.775423
vt 0.751179 0.326882
vt 0.742897 0.332267
vt 0.743681 0.322676
vt 0.417985 0.800086
vt 0.411868 0.787001
vt 0.424034 0.787942
vt 0.420458 0.774710
vt 0.409896 0.775641
vt 0.392072 0.792908
vt 0.391836 0.785123
vt 0.393590 0.777336
vt 0.388683 0.791440
vt 0.744900 0.347240
vt 0.732948 0.754169
vt 0.608829 0.775607
vt 0.600602 0.767435
vt 0.610647 0.763816
vt 0.746505 0.296100
vt 0.756568 0.294683
vt 0.533763 0.756994
vt 0.527713 0.774311
vt 0.531429 0.787459
vt 0.545972 0.783847
vt 0.438927 0.768798
vt 0.455109 0.756012
vt 0.455914 0.769617
vt 0.472427 0.766401
vt 0.471773 0.755111
vt 0.437322 0.745949
vt 0.453699 0.738673
vt 0.470823 0.743552
vt 0.515822 0.768226
vt 0.764969 0.326064
vt 0.783404 0.327079
vt 0.770877 0.337755
vt 0.428215 0.773347
vt 0.431627 0.771068
vt 0.639314 0.753454
vt 0.635421 0.754093
vt 0.425363 0.765702
vt 0.431228 0.762665
vt 0.636472 0.745598
vt 0.630578 0.747173
vt 0.424829 0.756728
vt 0.430658 0.753403
vt 0.630740 0.738673
vt 0.624647 0.740037
vt 0.424034 0.747775
vt 0.429858 0.744159
vt 0.767866 0.309347
vt 0.776175 0.305855
vt 0.773493 0.314441
vt 0.538409 0.750217
vt 0.531460 0.739872
vt 0.541377 0.742778
vt 0.760509 0.319877
vt 0.525713 0.746035
vt 0.780992 0.314890
vt 0.438273 0.757508
vt 0.774520 0.297368
vt 0.783404 0.304179
vt 0.764798 0.354539
vt 0.778995 0.359880
vt 0.768190 0.364892
vt 0.714794 0.797639
vt 0.728312 0.789824
vt 0.724273 0.799654
vt 0.438512 0.776098
vt 0.634231 0.762324
vt 0.778139 0.351424
vt 0.764970 0.343642
vt 0.778995 0.337755
vt 0.716112 0.789272
vt 0.727152 0.773526
vt 0.445524 0.799466
vt 0.439594 0.790038
vt 0.445524 0.787409
vt 0.495855 0.796861
vt 0.500037 0.803024
vt 0.451861 0.781829
vt 0.456015 0.780077
vt 0.628513 0.775917
vt 0.624647 0.777293
vt 0.787843 0.367418
vt 0.783892 0.369184
vt 0.783404 0.363285
vt 0.788469 0.363285
vt 0.617843 0.774581
vt 0.617869 0.777127
vt 0.763378 0.286772
vt 0.623053 0.766121
vt 0.768888 0.292807
vt 0.613623 0.760221
vt 0.624647 0.758359
vt 0.770834 0.301020
vt 0.759692 0.297960
vt 0.621332 0.750990
vt 0.613745 0.756060
vt 0.611150 0.749808
vt 0.760044 0.303853
vt 0.407761 0.797557
vt 0.392354 0.799904
vt 0.395277 0.769914
vt 0.408575 0.770394
vt 0.403296 0.807911
vt 0.394289 0.812147
vt 0.407567 0.764080
vt 0.399573 0.757935
vt 0.382449 0.792089
vt 0.384023 0.775940
vt 0.741436 0.346013
vt 0.737834 0.337755
vt 0.366552 0.709116
vt 0.368209 0.716971
vt 0.366552 0.718224
vt 0.368209 0.692821
vt 0.366088 0.692301
vt 0.368209 0.683591
vt 0.551167 0.747872
vt 0.748062 0.314490
vt 0.749632 0.320743
vt 0.405484 0.802114
vt 0.413145 0.810470
vt 0.417754 0.763178
vt 0.421573 0.769335
vt 0.741803 0.310269
vt 0.549410 0.754887
vt 0.555424 0.759928
vt 0.616383 0.753470
vt 0.616230 0.749282
vt 0.618477 0.748208
vt 0.695242 0.753052
vt 0.697533 0.748527
vt 0.697138 0.753181
vt 0.616441 0.742659
vt 0.618856 0.740551
vt 0.700496 0.741753
vt 0.695854 0.746850
vt 0.699283 0.738673
vt 0.430124 0.790161
vt 0.424034 0.793213
vt 0.429647 0.787409
vt 0.707255 0.738673
vt 0.706693 0.742001
vt 0.426383 0.794947
vt 0.424034 0.803355
vt 0.714668 0.745616
vt 0.712548 0.747555
vt 0.316493 0.657985
vt 0.311788 0.665371
vt 0.315021 0.656190
vt 0.714794 0.756955
vt 0.712463 0.756306
vt 0.315776 0.674954
vt 0.313678 0.676916
vt 0.708643 0.765002
vt 0.709922 0.768033
vt 0.314252 0.665608
vt 0.316493 0.671084
vt 0.708703 0.761562
vt 0.646319 0.796993
vt 0.643824 0.791117
vt 0.645572 0.789577
vt 0.709606 0.780474
vt 0.712163 0.774299
vt 0.711296 0.782105
vt 0.427601 0.796785
vt 0.426259 0.802962
vt 0.367051 0.638678
vt 0.367775 0.645114
vt 0.366088 0.644522
vt 0.430573 0.793316
vt 0.366088 0.634695
vt 0.368905 0.637233
vt 0.613485 0.747131
vt 0.700505 0.748758
vt 0.703132 0.743108
vt 0.612381 0.750984
vt 0.699869 0.752656
vt 0.399592 0.812316
vt 0.404820 0.758680
vt 0.408495 0.759369
vt 0.783059 0.354737
vt 0.778995 0.351798
vt 0.783059 0.348006
vt 0.705639 0.766917
vt 0.602108 0.763036
vt 0.748217 0.300971
vt 0.769173 0.368266
vt 0.767649 0.365207
vt 0.769791 0.364892
vt 0.696315 0.756975
vt 0.646319 0.779785
vt 0.641699 0.782309
vt 0.642703 0.777293
vt 0.707618 0.789371
vt 0.712163 0.791981
vt 0.708702 0.794393
vt 0.603367 0.759396
vt 0.600935 0.755025
vt 0.602003 0.754320
vt 0.703764 0.765566
vt 0.707799 0.762759
vt 0.605129 0.755772
vt 0.604668 0.754571
vt 0.707318 0.761247
vt 0.703377 0.762352
vt 0.704671 0.760637
vt 0.609175 0.756644
vt 0.607801 0.754010
vt 0.700000 0.759905
vt 0.610263 0.752976
vt 0.612222 0.755471
vt 0.700767 0.755729
vt 0.702175 0.758572
vt 0.614591 0.753487
vt 0.698025 0.756910
vt 0.758529 0.303811
vt 0.755485 0.304568
vt 0.749648 0.305049
vt 0.601084 0.760072
vt 0.747340 0.304569
vt 0.609878 0.751283
vt 0.611685 0.749161
vt 0.368114 0.668054
vt 0.366088 0.666827
vt 0.367625 0.665520
vt 0.776146 0.367584
vt 0.777718 0.365952
vt 0.777479 0.368239
vt 0.366318 0.776190
vt 0.368040 0.773776
vt 0.368040 0.776567
vt 0.776146 0.367903
vt 0.774423 0.365257
vt 0.776146 0.364892
vt 0.713903 0.777536
vt 0.712163 0.775494
vt 0.713903 0.775204
vt 0.368040 0.776840
vt 0.366300 0.778852
vt 0.366300 0.776566
vt 0.604274 0.752970
vt 0.693725 0.779824
vt 0.695242 0.777308
vt 0.695205 0.779705
vt 0.778833 0.368182
vt 0.777718 0.366501
vt 0.779123 0.366444
vt 0.647947 0.777344
vt 0.646744 0.779030
vt 0.646455 0.777293
vt 0.643470 0.784243
vt 0.640295 0.783335
vt 0.709352 0.787404
vt 0.706194 0.788373
vt 0.612767 0.745155
vt 0.366735 0.662900
vt 0.368114 0.661349
vt 0.366264 0.731111
vt 0.367745 0.726367
vt 0.367490 0.732449
vt 0.366193 0.656676
vt 0.367329 0.655282
vt 0.367073 0.649065
vt 0.367883 0.645795
vt 0.368998 0.649444
vt 0.781202 0.338404
vt 0.780533 0.341958
vt 0.778995 0.342337
vt 0.367748 0.655282
vt 0.366088 0.654925
vt 0.781056 0.348006
vt 0.644618 0.797121
vt 0.642356 0.792548
vt 0.710495 0.774153
vt 0.708111 0.779072
vt 0.709798 0.772623
vt 0.645119 0.783058
vt 0.532879 0.794544
vt 0.534139 0.791111
vt 0.534981 0.793260
vt 0.608049 0.799085
vt 0.605556 0.796249
vt 0.607859 0.795471
vt 0.603367 0.750383
vt 0.607318 0.749110
vt 0.605243 0.751408
vt 0.604676 0.792763
vt 0.606924 0.792128
vt 0.607581 0.746246
vt 0.609435 0.747118
vt 0.605757 0.789222
vt 0.603568 0.789759
vt 0.712410 0.775133
vt 0.714556 0.772623
vt 0.714556 0.775204
vt 0.603411 0.786755
vt 0.605834 0.787053
vt 0.610657 0.745134
vt 0.601081 0.787013
vt 0.600602 0.791187
vt 0.536783 0.790247
vt 0.533992 0.788061
vt 0.537014 0.787460
vt 0.602732 0.796772
vt 0.537014 0.794150
vt 0.605626 0.798787
vt 0.604194 0.800460
vt 0.641112 0.784455
vt 0.707060 0.787137
vt 0.708466 0.784121
vt 0.600602 0.745729
vt 0.600754 0.753893
vt 0.612178 0.792037
vt 0.609136 0.799319
vt 0.603215 0.740299
vt 0.608282 0.744860
vt 0.608848 0.738673
vt 0.612178 0.784784
vt 0.612810 0.739994
vt 0.603253 0.781293
vt 0.607718 0.780686
vt 0.407790 0.824920
vt 0.408645 0.815721
vt 0.413871 0.825502
vt 0.414322 0.757471
vt 0.415265 0.748215
vt 0.421347 0.748796
vt 0.410957 0.834038
vt 0.414591 0.835564
vt 0.420175 0.739454
vt 0.424034 0.738673
vt 0.316305 0.693811
vt 0.311788 0.685171
vt 0.314488 0.684153
vt 0.800204 0.327380
vt 0.800526 0.318645
vt 0.803212 0.327290
vt 0.312174 0.678580
vt 0.316305 0.676916
vt 0.798010 0.317884
vt 0.803212 0.311756
vt 0.803764 0.307692
vt 0.798010 0.302103
vt 0.803550 0.298941
vt 0.803821 0.278658
vt 0.798010 0.284567
vt 0.799974 0.276019
vt 0.798408 0.295051
vt 0.803764 0.293351
vt 0.803664 0.287520
vt 0.798399 0.291802
vt 0.737618 0.790807
vt 0.731691 0.773640
vt 0.737618 0.771460
vt 0.673624 0.781015
vt 0.691885 0.786440
vt 0.673624 0.792137
vt 0.612178 0.781784
vt 0.620693 0.796089
vt 0.612178 0.801206
vt 0.677481 0.770702
vt 0.692965 0.779100
vt 0.618667 0.780686
vt 0.623206 0.787151
vt 0.537014 0.787460
vt 0.541137 0.793079
vt 0.537014 0.795241
vt 0.782380 0.357407
vt 0.778995 0.361553
vt 0.779580 0.356244
vt 0.556055 0.741637
vt 0.743330 0.308956
vt 0.757792 0.312585
vt 0.401179 0.814420
vt 0.406744 0.757324
vt 0.267973 0.548119
vt 0.085493 0.656268
vt 0.137377 0.656796
vt 0.737667 0.905302
vt 0.818872 0.642266
vt 0.859752 0.642727
vt 0.825113 0.369334
vt 0.842618 0.370197
vt 0.902964 0.369350
vt 0.369000 0.166700
vt 0.369000 0.203044
vt 0.361909 0.238676
vt 0.348001 0.272229
vt 0.327810 0.302411
vt 0.302112 0.328063
vt 0.271893 0.348200
vt 0.238009 0.362351
vt 0.202364 0.369376
vt 0.166021 0.369310
vt 0.130376 0.362155
vt 0.096799 0.348186
vt 0.066581 0.327939
vt 0.040882 0.302193
vt 0.020691 0.271938
vt -0.000000 0.202372
vt -0.000000 0.166028
vt 0.007090 0.130396
vt 0.020998 0.096844
vt 0.041189 0.066661
vt 0.066888 0.041009
vt 0.097106 0.020873
vt 0.166328 -0.000000
vt 0.202671 0.000066
vt 0.238316 0.007221
vt 0.271893 0.021191
vt 0.302111 0.041437
vt 0.327810 0.067183
vt 0.348001 0.097439
vt 0.261575 0.461324
vt 0.585586 0.843717
vt 0.798010 0.363241
vt 0.586569 0.738673
vt 0.571545 0.836374
vt 0.811637 0.138016
vt 0.798402 0.138086
vt 0.785422 0.135503
vt 0.773195 0.130366
vt 0.762191 0.122872
vt 0.752833 0.113310
vt 0.745480 0.102046
vt 0.740415 0.089515
vt 0.737834 0.076196
vt 0.737834 0.062603
vt 0.740415 0.049257
vt 0.745480 0.036671
vt 0.752833 0.025330
vt 0.762191 0.015668
vt 0.773195 0.008058
vt 0.798402 0.000070
vt 0.811637 0.000000
vt 0.824617 0.002583
vt 0.836844 0.007720
vt 0.847848 0.015214
vt 0.857206 0.024776
vt 0.864559 0.036039
vt 0.872206 0.061890
vt 0.872206 0.075483
vt 0.869624 0.088829
vt 0.864559 0.101414
vt 0.857206 0.112756
vt 0.847848 0.122418
vt 0.836844 0.130028
vt 0.798432 0.138086
vt 0.811673 0.138129
vt 0.824660 0.140820
vt 0.836893 0.146057
vt 0.847903 0.153637
vt 0.857266 0.163271
vt 0.864622 0.174587
vt 0.869689 0.187150
vt 0.872272 0.200479
vt 0.872272 0.214060
vt 0.869689 0.227371
vt 0.864622 0.239902
vt 0.857266 0.251171
vt 0.847903 0.260744
vt 0.836893 0.268253
vt 0.811673 0.276019
vt 0.798432 0.275976
vt 0.785446 0.273285
vt 0.773213 0.268048
vt 0.762203 0.260467
vt 0.752840 0.250834
vt 0.745484 0.239518
vt 0.737834 0.213626
vt 0.737834 0.200045
vt 0.740417 0.186733
vt 0.745484 0.174203
vt 0.752840 0.162934
vt 0.762203 0.153361
vt 0.773213 0.145851
vt 0.315723 0.656176
vt 0.311592 0.891129
vt 0.318363 0.631826
vt 0.368183 0.631777
vt 0.571531 0.369334
vt 0.535205 0.369334
vt 0.499579 0.362237
vt 0.466022 0.348317
vt 0.435823 0.328107
vt 0.410143 0.302385
vt 0.389970 0.272140
vt 0.376077 0.238532
vt 0.369000 0.202855
vt 0.369009 0.166479
vt 0.376105 0.130802
vt 0.390016 0.097194
vt 0.410205 0.066949
vt 0.435898 0.041227
vt 0.466108 0.021017
vt 0.535302 0.000000
vt 0.571628 0.000000
vt 0.607254 0.007097
vt 0.640812 0.021017
vt 0.671010 0.041227
vt 0.696690 0.066949
vt 0.716864 0.097194
vt 0.737834 0.166479
vt 0.737824 0.202855
vt 0.730728 0.238532
vt 0.716818 0.272140
vt 0.696628 0.302385
vt 0.670935 0.328107
vt 0.640725 0.348317
vt 0.410154 0.436284
vt 0.435830 0.410561
vt 0.466021 0.390352
vt 0.499568 0.376431
vt 0.535181 0.369334
vt 0.571492 0.369334
vt 0.607104 0.376431
vt 0.640651 0.390352
vt 0.670842 0.410561
vt 0.696517 0.436284
vt 0.716689 0.466530
vt 0.730584 0.500137
vt 0.737667 0.535815
vt 0.737667 0.572192
vt 0.730582 0.607870
vt 0.696513 0.671723
vt 0.670837 0.697446
vt 0.640645 0.717655
vt 0.607099 0.731576
vt 0.571486 0.738673
vt 0.535175 0.738673
vt 0.499562 0.731576
vt 0.435825 0.697446
vt 0.410150 0.671723
vt 0.389978 0.641477
vt 0.376083 0.607870
vt 0.369000 0.572192
vt 0.369000 0.535815
vt 0.376085 0.500137
vt 0.484700 0.798149
vt 0.635316 0.792708
vt 0.312030 0.708827
vt 0.311999 0.736051
vt 0.513434 0.790251
vt 0.493302 0.786787
vt 0.315505 0.750927
vt 0.485611 0.786223
vt 0.629231 0.792708
vt 0.732948 0.753383
vt 0.694337 0.770472
vt 0.316293 0.740773
vt 0.368147 0.655469
vt 0.368905 0.662096
vt 0.366264 0.718507
vt 0.367805 0.773116
vt 0.366264 0.724595
vt 0.368664 0.731529
vt 0.368787 0.752933
vt 0.490901 0.782764
vt 0.508726 0.786223
vt 0.670774 0.738673
vt 0.510921 0.755013
vt 0.445524 0.787410
vt 0.469017 0.787410
vt 0.497506 0.759287
vt 0.469017 0.797462
vt 0.695519 0.784739
vt 0.367581 0.732838
vt 0.671748 0.776627
vt 0.366471 0.753733
vt 0.649291 0.777503
vt 0.450448 0.791969
vt 0.764798 0.367900
vt 0.368999 0.744494
vt 0.368999 0.741020
vt 0.764737 0.342437
vt 0.457609 0.795401
vt 0.739230 0.369181
vt 0.456362 0.788060
vt 0.313093 0.789810
vt 0.473419 0.768415
vt 0.680275 0.743198
vt 0.764367 0.337755
vt 0.714794 0.738673
vt 0.368987 0.683591
vt 0.368987 0.676642
vt 0.769791 0.364892
vt 0.774423 0.364892
vt 0.366490 0.669134
vt 0.737048 0.767852
vt 0.366160 0.698831
vt 0.479954 0.757121
vt 0.367892 0.760352
vt 0.367892 0.760352
vt 0.669736 0.749067
vt 0.368778 0.746937
vt 0.367299 0.700572
vt 0.314756 0.751928
vt 0.672864 0.770866
vt 0.672603 0.776627
vt 0.311788 0.707053
vt 0.490561 0.768378
vt 0.526919 0.793768
vt 0.526919 0.789135
vt 0.515822 0.787460
vt 0.495855 0.788093
vt 0.526919 0.787460
vt 0.641419 0.768773
vt 0.424034 0.783239
vt 0.649291 0.757538
vt 0.733724 0.764740
vt 0.763944 0.276019
vt 0.386732 0.784772
vt 0.671748 0.773344
vt 0.715237 0.771460
vt 0.751509 0.341064
vt 0.752675 0.337372
vt 0.603309 0.780686
vt 0.748733 0.286277
vt 0.518413 0.750621
vt 0.780611 0.293854
vt 0.714794 0.771460
vt 0.439194 0.794384
vt 0.381138 0.791590
vt 0.382656 0.776018
vt 0.418088 0.805093
vt 0.737833 0.314174
vt 0.315114 0.663168
vt 0.711860 0.754596
vt 0.427721 0.802773
vt 0.367888 0.631826
vt 0.613514 0.741725
vt 0.403324 0.812429
vt 0.780336 0.356244
vt 0.706747 0.772623
vt 0.767649 0.368822
vt 0.711005 0.788582
vt 0.366415 0.669134
vt 0.607697 0.752386
vt 0.776146 0.364892
vt 0.366318 0.773399
vt 0.774423 0.368267
vt 0.712163 0.777841
vt 0.368040 0.779141
vt 0.601899 0.752696
vt 0.693725 0.777140
vt 0.777718 0.368239
vt 0.647947 0.779082
vt 0.366264 0.724893
vt 0.366088 0.645114
vt 0.782463 0.337755
vt 0.782463 0.347633
vt 0.643969 0.798690
vt 0.531865 0.791527
vt 0.605449 0.747993
vt 0.712163 0.773209
vt 0.601336 0.794304
vt 0.642467 0.787295
vt 0.312503 0.694036
vt 0.799046 0.310517
vt 0.800026 0.310517
vt 0.803821 0.293350
vt 0.728312 0.792473
vt 0.692969 0.770472
vt 0.540588 0.788378
vt 0.782380 0.365984
vt 0.537356 0.738673
vt 0.761898 0.309365
s 1
f 1/1/1 62/2/2 2/3/3
f 2/3/3 34/4/4 3/5/5
f 3/5/5 40/6/6 4/7/7
f 4/7/7 45/8/8 5/9/9
f 5/9/9 49/10/10 6/11/11
f 6/11/11 54/12/12 7/13/13
f 54/12/12 8/14/14 7/13/13
f 8/15/14 65/16/15 9/17/16
f 9/17/16 38/18/17 10/19/18
f 10/19/18 43/20/19 11/21/20
f 43/20/19 12/22/21 11/21/20
f 48/23/22 13/24/23 12/22/21
f 13/24/23 57/25/24 14/26/25
f 14/26/25 63/27/26 15/28/27
f 15/28/27 36/29/28 16/30/29
f 36/31/28 41/32/30 17/33/31
f 41/32/30 18/34/32 17/33/31
f 46/35/33 19/36/34 18/34/32
f 50/37/35 20/38/36 19/36/34
f 20/38/36 61/39/37 21/40/38
f 21/40/38 66/41/39 22/42/40
f 22/42/40 39/43/41 23/44/42
f 23/45/42 44/46/43 24/47/44
f 44/46/43 33/48/45 25/49/45
f 33/48/45 53/50/46 26/51/47
f 26/51/47 58/52/48 27/53/49
f 27/53/49 64/54/50 28/55/51
f 28/55/51 37/56/52 29/57/53
f 29/57/53 42/58/54 30/59/55
f 42/58/54 31/60/56 30/59/55
f 16/61/57 24/62/58 32/63/59
f 31/64/56 51/65/60 32/66/61
f 32/66/61 59/67/62 1/1/1
f 68/68/63 69/69/64 67/70/63
f 70/71/64 71/72/65 69/69/64
f 72/73/65 73/74/66 71/72/65
f 74/75/66 75/76/67 73/74/66
f 76/77/67 77/78/68 75/76/67
f 78/79/68 79/80/69 77/78/68
f 80/81/69 81/82/70 79/80/69
f 82/83/70 83/84/71 81/85/70
f 84/86/71 85/87/72 83/84/71
f 86/88/72 87/89/73 85/87/72
f 88/90/73 89/91/74 87/89/73
f 90/92/74 91/93/75 89/91/74
f 92/94/75 93/95/76 91/93/75
f 94/96/76 95/97/77 93/95/76
f 96/98/77 97/99/78 95/100/77
f 98/101/78 99/102/79 97/99/78
f 100/103/79 101/104/80 99/102/79
f 102/105/80 103/106/81 101/104/80
f 104/107/81 105/108/82 103/106/81
f 106/109/82 107/110/83 105/108/82
f 108/111/83 109/112/84 107/110/83
f 110/113/84 111/114/85 109/112/84
f 112/115/85 113/116/86 111/117/85
f 114/118/86 115/119/87 113/116/86
f 116/120/87 117/121/88 115/119/87
f 118/122/88 119/123/89 117/121/88
f 120/124/89 121/125/90 119/123/89
f 122/126/90 123/127/91 121/125/90
f 124/128/91 125/129/92 123/127/91
f 126/130/92 127/131/93 125/129/92
f 104/132/94 88/133/94 72/134/94
f 128/135/93 129/136/95 127/137/93
f 130/138/95 67/70/63 129/136/95
f 97/139/96 113/140/96 129/141/96
f 132/142/63 133/143/97 131/144/63
f 134/145/97 135/146/98 133/143/97
f 136/147/98 137/148/99 135/146/98
f 138/149/99 139/150/100 137/148/99
f 140/151/100 141/152/101 139/150/100
f 142/153/101 143/154/102 141/152/101
f 144/155/102 145/156/103 143/154/102
f 146/157/103 147/158/71 145/159/103
f 148/160/71 149/161/104 147/158/71
f 150/162/104 151/163/105 149/161/104
f 152/164/105 153/165/106 151/163/105
f 154/166/106 155/167/107 153/165/106
f 156/168/107 157/169/108 155/167/107
f 158/170/108 159/171/109 157/169/108
f 160/172/109 161/173/110 159/174/109
f 162/175/110 163/176/79 161/173/110
f 164/177/79 165/178/111 163/176/79
f 166/179/111 167/180/112 165/178/111
f 168/181/112 169/182/113 167/180/112
f 170/183/113 171/184/114 169/182/113
f 172/185/114 173/186/115 171/184/114
f 174/187/115 175/188/116 173/186/115
f 176/189/116 177/190/117 175/191/116
f 178/192/117 179/193/87 177/190/117
f 180/194/87 181/195/118 179/193/87
f 182/196/118 183/197/119 181/195/118
f 184/198/119 185/199/120 183/197/119
f 186/200/120 187/201/121 185/199/120
f 188/202/121 189/203/122 187/201/121
f 190/204/122 191/205/123 189/203/122
f 168/206/94 152/207/94 136/208/94
f 192/209/123 193/210/124 191/211/123
f 194/212/124 131/144/63 193/210/124
f 161/213/96 177/214/96 193/215/96
f 241/216/125 197/217/126 239/218/127
f 198/219/128 242/220/129 240/221/130
f 239/218/131 199/222/132 237/223/133
f 200/224/134 240/221/135 238/225/136
f 197/226/137 201/227/138 199/228/139
f 202/229/140 198/230/141 200/231/142
f 195/232/143 203/233/144 197/217/145
f 204/234/146 196/235/147 198/219/148
f 205/236/149 209/237/150 203/238/151
f 210/239/152 206/240/153 204/234/154
f 203/241/155 211/242/156 201/227/157
f 212/243/158 204/244/159 202/229/160
f 215/245/161 211/246/162 209/237/163
f 216/247/164 212/248/165 214/249/166
f 207/250/167 215/245/168 209/237/169
f 216/247/170 208/251/171 210/252/172
f 217/253/173 221/254/174 215/245/175
f 222/255/176 218/256/177 216/247/178
f 221/254/179 213/257/180 215/245/181
f 222/255/182 214/249/183 224/258/184
f 227/259/185 223/260/186 221/261/187
f 228/262/188 224/263/189 226/264/190
f 229/265/191 221/254/192 219/266/193
f 230/267/194 222/268/195 228/269/196
f 231/270/197 227/271/198 229/272/199
f 232/273/200 228/269/201 234/274/202
f 233/275/203 225/276/204 227/259/205
f 234/277/206 226/264/207 236/278/208
f 239/218/209 235/279/210 233/280/211
f 240/221/212 236/281/213 238/225/214
f 241/216/215 233/280/216 231/270/217
f 242/220/218 234/274/219 240/221/220
f 231/282/221 243/283/222 241/284/223
f 232/285/224 244/286/225 246/287/226
f 229/288/227 245/289/228 231/290/229
f 230/291/230 246/292/231 248/293/232
f 219/294/233 247/295/234 229/288/235
f 220/296/236 248/293/237 250/297/238
f 217/298/239 249/299/240 219/300/241
f 218/301/242 250/302/243 252/303/244
f 217/298/245 253/304/246 251/305/247
f 254/306/248 218/301/249 252/303/250
f 207/307/251 257/308/252 253/309/253
f 258/310/254 208/311/255 254/312/256
f 205/313/257 259/314/258 257/308/259
f 260/315/260 206/316/261 258/310/262
f 195/317/263 243/283/264 259/318/265
f 244/286/266 196/319/267 260/320/268
f 255/321/269 259/322/269 243/323/269
f 244/324/270 260/325/270 256/326/270
f 257/327/271 259/322/271 255/321/271
f 256/326/272 260/325/272 258/328/272
f 255/329/273 253/330/273 257/331/273
f 258/328/274 254/332/274 256/326/274
f 255/329/275 251/333/275 253/330/275
f 254/332/276 252/334/276 256/326/276
f 255/329/277 249/335/277 251/333/277
f 252/334/278 250/336/278 256/326/278
f 255/329/279 247/337/279 249/335/279
f 250/336/280 248/338/280 256/326/280
f 255/321/281 245/339/281 247/340/281
f 248/338/282 246/341/282 256/326/282
f 255/321/283 243/323/283 245/339/283
f 246/341/284 244/324/284 256/326/284
f 368/342/285 285/343/286 283/344/287
f 369/345/288 285/343/289 370/346/290
f 366/347/291 283/344/292 281/348/293
f 367/349/294 284/350/295 369/345/296
f 279/351/297 366/352/298 281/353/299
f 367/354/300 280/355/301 282/356/302
f 277/357/303 364/358/304 279/351/305
f 365/359/306 278/360/307 280/355/308
f 275/361/309 362/362/310 277/357/311
f 363/363/312 276/364/313 278/360/314
f 273/365/315 340/366/316 358/367/317
f 341/368/318 274/369/319 359/370/320
f 288/371/321 340/372/322 286/373/323
f 289/374/324 341/375/325 343/376/326
f 288/371/327 344/377/328 342/378/329
f 345/379/330 289/374/331 343/376/332
f 292/380/333 344/377/334 290/381/335
f 293/382/336 345/379/337 347/383/338
f 294/384/339 346/385/340 292/380/341
f 295/386/342 347/383/343 349/387/344
f 296/388/345 348/389/346 294/384/347
f 297/390/348 349/387/349 351/391/350
f 296/388/351 352/392/352 350/393/353
f 353/394/354 297/390/355 351/391/356
f 300/395/357 352/396/358 298/397/359
f 301/398/360 353/399/361 355/400/362
f 302/401/363 354/402/364 300/395/365
f 303/403/366 355/404/367 357/405/368
f 261/406/369 356/407/370 302/401/371
f 261/408/372 357/405/373 262/409/374
f 322/410/375 356/411/376 304/412/377
f 323/413/378 357/414/379 355/415/380
f 322/416/381 352/396/382 354/402/383
f 353/394/384 323/413/385 355/415/386
f 350/417/387 373/418/388 320/419/389
f 351/391/390 374/420/391 353/394/392
f 348/421/393 320/419/394 318/422/395
f 349/387/396 321/423/397 351/391/398
f 346/424/399 318/422/400 316/425/401
f 347/383/402 319/426/403 349/387/404
f 344/427/405 316/425/406 314/428/407
f 345/379/408 317/429/409 347/383/410
f 342/378/411 314/430/412 312/431/413
f 343/376/414 315/432/415 345/379/416
f 340/372/417 312/431/418 310/433/419
f 341/375/420 313/434/421 343/376/422
f 358/435/423 310/433/424 308/436/425
f 359/437/426 311/438/427 341/375/428
f 308/439/429 371/440/430 358/441/431
f 371/440/432 309/442/433 359/437/434
f 356/411/435 306/443/436 304/412/437
f 357/414/438 307/444/439 262/445/440
f 306/446/441 372/447/442 377/448/443
f 372/447/444 307/444/445 378/449/446
f 375/450/447 372/447/448 371/440/449
f 376/451/450 372/447/451 378/449/452
f 329/452/453 370/346/454 368/342/455
f 370/453/456 330/454/457 369/455/458
f 327/456/459 368/457/460 366/458/461
f 369/455/462 328/459/463 367/354/464
f 327/460/465 364/358/466 325/461/467
f 328/459/468 365/359/469 367/354/470
f 360/462/471 379/463/472 362/362/473
f 380/464/474 361/465/475 363/363/476
f 325/461/477 362/362/478 379/463/479
f 363/363/480 326/466/481 380/464/482
f 384/467/483 381/468/484 338/469/485
f 384/467/486 382/470/487 383/471/488
f 381/468/489 263/472/490 379/473/491
f 382/470/492 263/472/493 383/471/494
f 325/474/79 263/472/79 324/475/79
f 326/466/79 263/472/79 380/464/79
f 336/476/495 385/477/496 338/478/497
f 386/479/498 337/480/499 339/481/500
f 334/482/501 387/483/502 336/476/503
f 388/484/504 335/485/505 337/480/506
f 391/486/507 334/487/508 333/488/509
f 392/489/510 335/490/511 390/491/512
f 265/492/87 333/493/87 332/494/87
f 265/495/513 333/496/513 392/497/513
f 338/498/514 264/499/515 384/500/516
f 339/501/517 264/499/518 386/502/519
f 385/503/520 402/504/520 264/505/520
f 386/506/521 402/507/521 401/508/521
f 265/509/522 394/510/523 391/511/524
f 395/512/525 265/495/526 392/497/527
f 391/486/528 396/513/529 389/514/530
f 397/515/531 392/489/532 390/491/533
f 396/516/534 387/483/535 389/517/536
f 397/518/537 388/519/538 399/520/539
f 387/521/540 400/522/541 385/523/542
f 401/508/543 388/519/544 386/506/545
f 398/524/546 394/510/547 393/525/548
f 399/520/549 395/526/550 397/518/551
f 393/525/552 400/527/553 398/524/554
f 401/508/555 393/525/556 399/520/557
f 333/528/558 358/441/559 371/440/560
f 359/529/561 333/530/562 371/531/563
f 334/532/564 405/533/565 358/441/566
f 406/534/567 335/535/568 359/536/569
f 338/478/570 405/537/571 336/476/572
f 339/538/573 406/534/574 408/539/575
f 381/540/576 407/541/577 338/478/578
f 382/470/579 408/539/580 361/465/581
f 403/542/582 360/462/583 275/361/584
f 404/543/585 361/465/586 408/539/587
f 409/544/588 407/541/589 403/542/590
f 410/545/591 408/539/592 406/534/593
f 273/546/594 405/537/595 409/544/596
f 406/547/597 274/548/598 410/549/599
f 324/550/600 416/551/601 325/552/602
f 324/475/603 417/553/604 266/554/605
f 327/456/606 416/555/607 414/556/608
f 417/553/609 328/459/610 415/557/611
f 329/558/612 414/556/613 412/559/614
f 415/557/615 330/454/616 413/560/617
f 331/561/618 412/559/619 411/562/79
f 413/560/620 331/561/621 411/562/79
f 412/563/622 425/564/622 411/565/623
f 413/566/624 425/564/624 424/567/624
f 412/563/625 421/568/626 423/569/627
f 422/570/628 413/566/629 424/567/630
f 414/571/87 419/572/87 421/573/87
f 420/574/71 415/575/71 422/576/71
f 266/577/631 419/578/632 416/551/633
f 266/577/634 420/579/635 418/580/634
f 418/581/636 423/582/637 419/583/638
f 424/584/639 418/581/640 420/585/641
f 419/583/642 423/582/642 421/586/642
f 422/587/643 424/584/643 420/585/643
f 377/448/644 428/588/645 426/589/646
f 429/590/647 378/591/648 427/592/649
f 306/446/650 426/589/651 448/593/652
f 427/592/653 307/594/654 449/595/655
f 306/446/656 450/596/657 304/597/658
f 307/444/659 451/598/660 449/599/661
f 308/439/662 428/588/663 375/450/664
f 309/600/665 429/590/666 447/601/667
f 308/602/668 444/603/669 446/604/670
f 445/605/671 309/606/672 447/607/673
f 310/433/674 442/608/675 444/609/676
f 443/610/677 311/438/678 445/611/679
f 312/431/680 440/612/681 442/608/682
f 441/613/683 313/434/684 443/610/685
f 314/430/686 438/614/687 440/612/688
f 439/615/689 315/432/690 441/613/691
f 318/616/692 438/614/693 316/617/694
f 319/426/695 439/615/696 437/618/697
f 320/619/698 436/620/699 318/616/700
f 321/423/701 437/618/702 435/621/703
f 320/619/704 430/622/705 434/623/706
f 431/624/707 321/423/708 435/621/709
f 373/418/710 432/625/711 430/626/712
f 433/627/713 374/420/714 431/624/715
f 322/416/716 450/596/717 432/625/718
f 451/598/719 323/413/720 433/627/721
f 450/628/722 470/629/723 432/630/724
f 451/598/725 471/631/726 453/632/727
f 430/626/728 470/633/729 472/634/730
f 471/631/731 431/624/732 473/635/733
f 430/626/734 468/636/735 434/637/736
f 431/638/737 469/639/738 473/640/739
f 434/641/740 466/642/741 436/643/742
f 435/644/743 467/645/744 469/639/745
f 438/646/746 466/647/747 464/648/748
f 467/649/749 439/650/750 465/651/751
f 438/646/752 462/652/753 440/653/754
f 439/650/755 463/654/756 465/651/757
f 442/655/758 462/652/759 460/656/760
f 463/657/761 443/610/762 461/658/763
f 442/655/764 458/659/765 444/660/766
f 443/610/767 459/661/768 461/658/769
f 444/662/770 456/663/771 446/664/772
f 445/611/773 457/665/774 459/661/775
f 428/666/776 456/663/776 474/667/776
f 457/665/777 429/668/777 475/669/777
f 450/628/778 454/670/779 452/671/780
f 455/672/781 451/598/782 453/632/783
f 448/673/784 476/674/785 454/670/786
f 477/675/787 449/599/788 455/672/789
f 426/676/790 474/667/791 476/674/792
f 475/669/793 427/677/794 477/675/795
f 261/678/796 478/679/797 267/680/798
f 479/681/799 261/678/800 267/680/801
f 302/682/802 480/683/803 478/684/804
f 481/685/805 303/686/806 479/687/807
f 298/688/808 480/689/809 300/690/810
f 299/691/811 481/692/812 483/693/813
f 296/694/814 482/695/815 298/688/816
f 297/696/817 483/697/818 485/698/819
f 294/699/820 484/700/821 296/694/822
f 295/701/823 485/702/824 487/703/825
f 294/699/826 488/704/827 486/705/828
f 489/706/829 295/701/830 487/703/831
f 290/707/832 488/708/833 292/709/834
f 291/710/835 489/711/836 491/712/837
f 290/713/838 492/714/839 490/715/840
f 493/716/841 291/717/842 491/718/843
f 288/719/844 494/720/845 492/714/846
f 495/721/847 289/722/848 493/716/849
f 503/723/850 532/724/851 502/725/852
f 503/726/853 533/727/854 523/728/855
f 502/725/856 530/729/857 501/730/858
f 502/725/859 531/731/860 533/732/861
f 501/730/862 534/733/863 500/734/864
f 501/730/865 535/735/866 531/731/867
f 283/344/868 500/736/869 534/737/870
f 500/736/871 284/350/872 535/738/873
f 281/348/874 534/737/875 528/739/876
f 535/738/877 282/740/878 529/741/879
f 279/742/880 528/743/881 524/744/882
f 529/745/883 280/746/884 525/747/885
f 277/748/886 524/744/887 526/749/888
f 525/747/889 278/750/890 527/751/891
f 524/744/892 532/724/893 526/749/894
f 533/732/895 525/752/896 527/753/897
f 528/743/898 530/729/899 524/744/900
f 529/754/901 531/731/902 535/735/903
f 526/749/904 522/755/905 520/756/906
f 527/751/907 523/757/908 533/758/909
f 275/759/910 526/749/911 520/756/912
f 527/751/913 276/760/914 521/761/915
f 536/762/916 409/544/917 403/542/918
f 537/763/919 410/549/920 539/764/921
f 520/765/922 403/542/923 275/361/924
f 521/761/925 404/766/926 537/763/927
f 409/544/928 540/767/929 273/546/930
f 410/549/931 541/768/932 539/764/933
f 540/769/934 286/770/935 273/365/936
f 541/771/937 287/772/938 495/721/939
f 518/773/940 498/774/941 271/775/942
f 519/776/943 498/777/944 547/778/945
f 546/779/946 272/780/947 498/781/948
f 547/782/949 272/780/950 545/783/951
f 272/780/952 542/784/953 499/785/954
f 543/786/955 272/780/956 499/785/957
f 499/785/958 522/787/959 503/726/960
f 523/728/961 499/785/962 503/726/963
f 522/788/964 536/762/965 520/765/966
f 523/757/967 537/763/968 543/789/969
f 490/790/970 512/791/971 504/792/972
f 513/793/973 491/712/974 505/794/975
f 510/795/976 271/775/977 270/796/978
f 511/797/979 271/775/980 519/798/981
f 552/799/982 497/800/983 496/801/984
f 553/802/985 497/800/986 551/803/987
f 497/800/988 548/804/989 269/805/990
f 549/806/991 497/800/992 269/805/993
f 269/807/994 510/795/995 270/796/996
f 511/808/997 269/809/998 270/810/999
f 486/705/1000 556/811/1001 558/812/1002
f 557/813/1003 487/703/1004 559/814/1005
f 558/812/1006 562/815/1007 560/816/1008
f 563/817/1009 559/814/1010 561/818/1011
f 560/816/1012 564/819/1013 566/820/1014
f 565/821/1015 561/818/1016 567/822/1017
f 566/820/1018 570/823/1019 568/824/1020
f 571/825/1021 567/826/1022 569/827/1023
f 572/828/1024 570/829/1025 508/830/1026
f 573/831/1027 571/825/1028 569/827/1029
f 510/795/1030 568/832/1031 572/828/1032
f 569/827/1033 511/808/1034 573/831/1035
f 548/804/1036 566/820/1037 568/824/1038
f 567/826/1039 549/833/1040 569/827/1041
f 550/834/1042 560/816/1043 566/820/1044
f 561/835/1045 551/836/1046 567/826/1047
f 552/837/1048 558/838/1049 560/839/1050
f 559/840/1051 553/841/1052 561/842/1053
f 486/705/1054 554/843/1055 484/700/1056
f 487/703/1057 555/844/1058 559/814/1059
f 554/845/1060 496/846/1061 268/847/1062
f 555/848/1063 496/849/1064 553/841/1065
f 478/850/1066 482/851/1067 484/852/1068
f 483/853/1069 479/687/1070 485/854/1071
f 478/855/1072 554/843/1073 268/856/1074
f 555/844/1075 479/857/1076 268/858/1077
f 267/859/1078 478/860/1078 268/861/1078
f 268/861/1079 479/862/1079 267/859/1079
f 490/790/1080 556/863/1081 488/864/1082
f 491/712/1083 557/865/1084 505/794/1085
f 504/792/1086 562/866/1087 556/863/1088
f 563/867/1089 505/794/1090 557/865/1091
f 506/868/1092 564/869/1093 562/866/1094
f 565/870/1095 507/871/1096 563/867/1097
f 570/872/1098 576/873/1099 508/874/1100
f 571/825/1101 577/875/1102 565/870/1103
f 544/876/1104 578/877/1105 542/784/1106
f 545/783/1107 579/878/1108 581/879/1109
f 578/877/1110 514/880/1111 512/881/1112
f 579/878/1113 515/882/1114 581/879/1115
f 492/714/1116 578/877/1117 512/881/1118
f 579/878/1119 493/716/1120 513/883/1121
f 494/720/1122 536/884/1123 578/877/1124
f 537/885/1125 495/721/1126 579/878/1127
f 536/762/1128 542/886/1128 578/887/1128
f 579/878/1129 543/786/1129 537/885/1129
f 494/888/1130 540/889/1130 538/890/1130
f 539/891/1131 541/892/1131 495/893/1131
f 516/894/1132 572/828/1133 508/830/1134
f 517/895/1135 573/831/1136 575/896/1137
f 572/828/1138 518/773/1139 510/795/1140
f 573/831/1141 519/776/1142 575/896/1143
f 580/897/1144 516/898/1145 514/880/1146
f 581/879/1147 517/899/1148 575/900/1149
f 546/779/1150 580/897/1151 544/876/1152
f 547/778/1153 581/901/1154 575/896/1155
f 518/773/1156 574/902/1156 546/903/1156
f 547/778/1157 575/896/1157 519/776/1157
f 582/904/1158 596/905/1159 594/906/1160
f 583/907/1161 597/908/1162 609/909/1163
f 594/906/1164 598/910/1165 592/911/1166
f 599/912/1167 595/913/1168 593/914/1169
f 598/915/1170 590/916/1171 592/917/1172
f 599/912/1173 591/918/1174 601/919/1175
f 600/920/1176 588/921/1177 590/916/1178
f 601/919/1179 589/922/1180 603/923/1181
f 602/924/1182 586/925/1183 588/926/1184
f 603/923/1185 587/927/1186 605/928/1187
f 586/925/1188 606/929/1189 584/930/1190
f 607/931/1191 587/927/1192 585/932/1193
f 604/933/1194 612/934/1195 606/929/1196
f 613/935/1197 605/928/1198 607/931/1199
f 602/936/1200 614/937/1201 604/938/1202
f 615/939/1203 603/940/1204 605/941/1205
f 618/942/1206 602/943/1207 600/920/1208
f 619/944/1209 603/945/1210 617/946/1211
f 620/947/1212 600/920/1213 598/915/1214
f 621/948/1215 601/949/1216 619/944/1217
f 622/950/1218 598/910/1219 596/905/1220
f 623/951/1221 599/912/1222 621/952/1223
f 596/905/1224 610/953/1225 622/950/1226
f 611/954/1227 597/908/1228 623/951/1229
f 514/880/1230 636/955/1231 512/881/1232
f 515/882/1233 637/956/1234 639/957/1235
f 584/958/1236 638/959/1237 514/960/1238
f 585/932/1239 639/961/1240 607/931/1241
f 504/792/1242 636/962/1243 506/868/1244
f 637/963/1245 505/794/1246 507/871/1247
f 576/964/1248 608/965/1249 582/966/1250
f 609/909/1251 577/967/1252 583/907/1253
f 606/968/1254 634/969/1255 638/970/1256
f 635/971/1257 607/972/1258 639/973/1259
f 640/974/1260 634/975/1261 632/976/1262
f 641/977/1263 635/978/1264 639/961/1265
f 628/979/1266 632/976/1267 630/980/79
f 633/981/1268 629/982/1269 631/983/79
f 642/984/1270 628/979/1271 626/985/1272
f 643/986/1273 629/982/1274 641/977/1275
f 642/984/1276 644/987/1277 624/988/1278
f 643/986/1279 645/989/1280 627/990/1281
f 624/988/1282 610/953/1283 608/991/1284
f 625/992/1285 611/954/1286 645/989/1287
f 506/868/1288 624/988/1289 576/873/1290
f 625/993/1291 507/871/1292 577/875/1293
f 636/962/1294 642/984/1295 506/868/1296
f 637/963/1297 643/994/1298 641/995/1299
f 636/962/1300 638/996/1300 640/974/1300
f 641/995/1301 639/997/1301 637/963/1301
f 610/953/1302 646/998/1303 670/999/1304
f 647/1000/1305 611/1001/1306 671/1002/1307
f 626/985/1308 646/998/1309 644/987/1310
f 627/1003/1311 647/1004/1312 657/1005/1313
f 626/1006/1314 654/1007/1314 656/1008/1315
f 655/1009/1316 627/1010/1316 657/1011/1317
f 630/1012/1318 654/1013/1319 628/1014/1320
f 631/1015/1321 655/1016/1322 653/1017/1323
f 632/976/1324 652/1018/1325 630/980/1326
f 633/1019/1327 653/1020/1328 651/1021/1329
f 632/1022/1330 648/1023/1331 650/1024/1332
f 649/1025/1333 633/1026/1334 651/1027/1335
f 634/969/1336 668/1028/1337 648/1029/94
f 669/1030/1338 635/971/1339 649/1031/94
f 622/950/1340 670/999/1341 658/1032/1342
f 671/1002/1343 623/1033/1344 659/1034/1345
f 620/1035/1346 658/1036/1347 660/1037/1348
f 659/1034/1349 621/1038/1350 661/1039/1351
f 618/1040/1352 660/1041/1353 662/1042/1354
f 661/1043/1355 619/1044/1356 663/1045/1357
f 618/1040/1358 664/1046/1359 616/1047/1360
f 619/1044/1361 665/1048/1362 663/1045/1363
f 616/1049/1364 666/1050/1365 614/937/1366
f 617/1051/1367 667/1052/1368 665/1053/1369
f 614/937/1370 668/1028/1371 612/1054/1372
f 615/939/1373 669/1030/1374 667/1052/1375
f 650/1055/1376 672/1056/1377 652/1057/1378
f 651/1058/1379 673/1059/1380 675/1060/1381
f 674/1061/1382 678/1062/1383 672/1063/1384
f 675/1060/1385 679/1064/1386 677/1065/1387
f 678/1062/1388 682/1066/1389 680/1067/1390
f 683/1068/1391 679/1064/1392 681/1069/1393
f 682/1070/1394 686/1071/1395 680/1072/1396
f 683/1068/1397 687/1073/1398 685/1074/1399
f 658/1032/1400 680/1067/1401 686/1075/1402
f 681/1069/1403 659/1076/1404 687/1073/1405
f 678/1062/1406 670/999/1407 646/998/1408
f 679/1064/1409 671/1077/1410 681/1069/1411
f 656/1078/1412 678/1079/1413 646/1080/1414
f 657/1081/1415 679/1064/1416 673/1059/1417
f 652/1057/1418 656/1078/1419 654/1082/79
f 657/1081/1420 653/1083/1421 655/1084/79
f 668/1028/1422 650/1085/1423 648/1029/1424
f 669/1030/1425 651/1086/1426 675/1087/1427
f 666/1088/1428 674/1061/1429 668/1089/1430
f 675/1060/1431 667/1090/1432 669/1091/1433
f 682/1066/1434 666/1088/1435 664/1092/1436
f 683/1068/1437 667/1090/1438 677/1065/1439
f 684/1093/1440 664/1092/1441 662/1094/1442
f 685/1074/1443 665/1095/1444 683/1068/1445
f 660/1096/1446 684/1093/1447 662/1094/1448
f 685/1074/1449 661/1097/1450 663/1098/1451
f 658/1032/1452 686/1075/1452 660/1096/1452
f 661/1097/1453 687/1073/1453 659/1076/1453
f 586/1099/1454 698/1100/1455 696/1101/1456
f 699/1102/1457 587/1103/1458 697/1104/1459
f 588/1105/1460 696/1101/1461 694/1106/1462
f 697/1104/1463 589/1107/1464 695/1108/1465
f 588/1109/1466 692/1110/1467 590/1111/1468
f 589/1112/1469 693/1113/1470 695/1114/1471
f 590/1111/1472 690/1115/1473 592/1116/1474
f 591/1117/1475 691/1118/1476 693/1113/1477
f 592/1119/1478 688/1120/1479 594/1121/1480
f 593/1122/1481 689/1123/1482 691/1124/1483
f 594/1121/1484 700/1125/1485 582/1126/1486
f 595/1127/1487 701/1128/1488 689/1123/1489
f 696/1129/1490 700/1130/1491 688/1131/1492
f 697/1132/1493 701/1133/1494 699/1134/1495
f 688/1135/1496 694/1136/1497 696/1137/1498
f 695/1138/1499 689/1139/1500 697/1132/1501
f 690/1140/1502 692/1141/1502 694/1136/1502
f 695/1114/1503 693/1113/1503 691/1118/1503
f 576/1142/1504 700/1143/1505 508/1144/1506
f 577/1145/1507 701/1146/1508 583/1147/1509
f 508/830/1510 698/1148/1511 516/894/1512
f 699/1149/1513 509/1150/1514 517/895/1515
f 514/880/1516 698/1100/1517 584/1151/1518
f 699/1102/1519 515/882/1520 585/1152/1521
f 1/1/1 59/67/62 62/2/2
f 2/3/3 62/2/2 34/4/4
f 3/5/5 34/4/4 40/6/6
f 4/7/7 40/6/6 45/8/8
f 5/9/9 45/8/8 49/10/10
f 6/11/11 49/10/10 54/12/12
f 54/12/12 60/1153/1522 8/14/14
f 8/15/14 60/1154/1522 65/16/15
f 9/17/16 65/16/15 38/18/17
f 10/19/18 38/18/17 43/20/19
f 43/20/19 48/23/22 12/22/21
f 48/23/22 52/1155/1523 13/24/23
f 13/24/23 52/1155/1523 57/25/24
f 14/26/25 57/25/24 63/27/26
f 15/28/27 63/27/26 36/29/28
f 17/33/31 16/1156/29 36/31/28
f 36/31/28 35/1157/1524 41/32/30
f 41/32/30 46/35/33 18/34/32
f 46/35/33 50/37/35 19/36/34
f 50/37/35 55/1158/1525 20/38/36
f 20/38/36 55/1158/1525 61/39/37
f 21/40/38 61/39/37 66/41/39
f 22/42/40 66/41/39 39/43/41
f 23/45/42 39/1159/41 44/46/43
f 25/49/45 24/47/44 44/46/43
f 44/46/43 56/1160/1526 33/48/45
f 26/51/47 25/49/45 33/48/45
f 33/48/45 56/1160/1526 53/50/46
f 26/51/47 53/50/46 58/52/48
f 27/53/49 58/52/48 64/54/50
f 28/55/51 64/54/50 37/56/52
f 29/57/53 37/56/52 42/58/54
f 42/58/54 47/1161/1527 31/60/56
f 32/63/59 1/1162/96 2/1163/96
f 2/1163/96 3/1164/96 4/1165/1528
f 4/1165/1528 5/1166/96 6/1167/1529
f 6/1167/1529 7/1168/1530 8/1169/1531
f 8/1169/1531 9/1170/96 10/1171/96
f 10/1171/96 11/1172/96 12/1173/96
f 12/1173/96 13/1174/96 14/1175/96
f 14/1175/96 15/1176/96 16/61/57
f 16/61/57 17/1177/1532 18/1178/1533
f 18/1178/1533 19/1179/96 20/1180/1534
f 20/1180/1534 21/1181/96 22/1182/96
f 22/1182/96 23/1183/96 24/62/58
f 24/62/58 25/1184/96 26/1185/96
f 26/1185/96 27/1186/96 28/1187/96
f 28/1187/96 29/1188/96 30/1189/96
f 30/1189/96 31/1190/96 32/63/59
f 32/63/59 2/1163/96 4/1165/1528
f 4/1165/1528 6/1167/1529 8/1169/1531
f 8/1169/1531 10/1171/96 12/1173/96
f 12/1173/96 14/1175/96 16/61/57
f 16/61/57 18/1178/1533 20/1180/1534
f 20/1180/1534 22/1182/96 24/62/58
f 24/62/58 26/1185/96 28/1187/96
f 28/1187/96 30/1189/96 32/63/59
f 32/63/59 4/1165/1528 8/1169/1531
f 8/1169/1531 12/1173/96 16/61/57
f 16/61/57 20/1180/1534 24/62/58
f 24/62/58 28/1187/96 32/63/59
f 32/63/59 8/1169/1531 16/61/57
f 31/64/56 47/1191/1527 51/65/60
f 32/66/61 51/65/60 59/67/62
f 68/68/63 70/71/64 69/69/64
f 70/71/64 72/73/65 71/72/65
f 72/73/65 74/75/66 73/74/66
f 74/75/66 76/77/67 75/76/67
f 76/77/67 78/79/68 77/78/68
f 78/79/68 80/81/69 79/80/69
f 80/81/69 82/1192/70 81/82/70
f 82/83/70 84/86/71 83/84/71
f 84/86/71 86/88/72 85/87/72
f 86/88/72 88/90/73 87/89/73
f 88/90/73 90/92/74 89/91/74
f 90/92/74 92/94/75 91/93/75
f 92/94/75 94/96/76 93/95/76
f 94/96/76 96/1193/77 95/97/77
f 96/98/77 98/101/78 97/99/78
f 98/101/78 100/103/79 99/102/79
f 100/103/79 102/105/80 101/104/80
f 102/105/80 104/107/81 103/106/81
f 104/107/81 106/109/82 105/108/82
f 106/109/82 108/111/83 107/110/83
f 108/111/83 110/113/84 109/112/84
f 110/113/84 112/1194/85 111/114/85
f 112/115/85 114/118/86 113/116/86
f 114/118/86 116/120/87 115/119/87
f 116/120/87 118/122/88 117/121/88
f 118/122/88 120/124/89 119/123/89
f 120/124/89 122/126/90 121/125/90
f 122/126/90 124/128/91 123/127/91
f 124/128/91 126/130/92 125/129/92
f 126/130/92 128/1195/93 127/131/93
f 72/134/94 70/1196/94 68/1197/94
f 68/1197/94 130/1198/94 128/1199/94
f 128/1199/94 126/1200/94 124/1201/94
f 124/1201/94 122/1202/94 120/1203/94
f 120/1203/94 118/1204/94 116/1205/94
f 116/1205/94 114/1206/94 112/1207/94
f 112/1207/94 110/1208/94 108/1209/94
f 108/1209/94 106/1210/94 104/132/94
f 104/132/94 102/1211/94 100/1212/94
f 100/1212/94 98/1213/94 96/1214/94
f 96/1214/94 94/1215/94 92/1216/94
f 92/1216/94 90/1217/94 88/133/94
f 88/133/94 86/1218/94 84/1219/94
f 84/1219/94 82/1220/94 80/1221/94
f 80/1221/94 78/1222/94 76/1223/94
f 76/1223/94 74/1224/94 72/134/94
f 72/134/94 68/1197/94 128/1199/94
f 128/1199/94 124/1201/94 120/1203/94
f 120/1203/94 116/1205/94 112/1207/94
f 112/1207/94 108/1209/94 104/132/94
f 104/132/94 100/1212/94 96/1214/94
f 96/1214/94 92/1216/94 88/133/94
f 88/133/94 84/1219/94 80/1221/94
f 80/1221/94 76/1223/94 72/134/94
f 72/134/94 128/1199/94 120/1203/94
f 120/1203/94 112/1207/94 104/132/94
f 104/132/94 96/1214/94 88/133/94
f 88/133/94 80/1221/94 72/134/94
f 72/134/94 120/1203/94 104/132/94
f 128/135/93 130/138/95 129/136/95
f 130/138/95 68/68/63 67/70/63
f 129/141/96 67/1225/96 69/1226/96
f 69/1226/96 71/1227/96 73/1228/96
f 73/1228/96 75/1229/96 77/1230/96
f 77/1230/96 79/1231/96 81/1232/96
f 81/1232/96 83/1233/96 85/1234/96
f 85/1234/96 87/1235/96 89/1236/96
f 89/1236/96 91/1237/96 93/1238/96
f 93/1238/96 95/1239/96 97/139/96
f 97/139/96 99/1240/96 101/1241/96
f 101/1241/96 103/1242/96 105/1243/96
f 105/1243/96 107/1244/96 109/1245/96
f 109/1245/96 111/1246/96 113/140/96
f 113/140/96 115/1247/96 117/1248/96
f 117/1248/96 119/1249/96 121/1250/96
f 121/1250/96 123/1251/96 125/1252/96
f 125/1252/96 127/1253/96 129/141/96
f 129/141/96 69/1226/96 73/1228/96
f 73/1228/96 77/1230/96 81/1232/96
f 81/1232/96 85/1234/96 89/1236/96
f 89/1236/96 93/1238/96 97/139/96
f 97/139/96 101/1241/96 105/1243/96
f 105/1243/96 109/1245/96 113/140/96
f 113/140/96 117/1248/96 121/1250/96
f 121/1250/96 125/1252/96 129/141/96
f 129/141/96 73/1228/96 81/1232/96
f 81/1232/96 89/1236/96 97/139/96
f 97/139/96 105/1243/96 113/140/96
f 113/140/96 121/1250/96 129/141/96
f 129/141/96 81/1232/96 97/139/96
f 132/142/63 134/145/97 133/143/97
f 134/145/97 136/147/98 135/146/98
f 136/147/98 138/149/99 137/148/99
f 138/149/99 140/151/100 139/150/100
f 140/151/100 142/153/101 141/152/101
f 142/153/101 144/155/102 143/154/102
f 144/155/102 146/1254/103 145/156/103
f 146/157/103 148/160/71 147/158/71
f 148/160/71 150/162/104 149/161/104
f 150/162/104 152/164/105 151/163/105
f 152/164/105 154/166/106 153/165/106
f 154/166/106 156/168/107 155/167/107
f 156/168/107 158/170/108 157/169/108
f 158/170/108 160/1255/109 159/171/109
f 160/172/109 162/175/110 161/173/110
f 162/175/110 164/177/79 163/176/79
f 164/177/79 166/179/111 165/178/111
f 166/179/111 168/181/112 167/180/112
f 168/181/112 170/183/113 169/182/113
f 170/183/113 172/185/114 171/184/114
f 172/185/114 174/187/115 173/186/115
f 174/187/115 176/1256/116 175/188/116
f 176/189/116 178/192/117 177/190/117
f 178/192/117 180/194/87 179/193/87
f 180/194/87 182/196/118 181/195/118
f 182/196/118 184/198/119 183/197/119
f 184/198/119 186/200/120 185/199/120
f 186/200/120 188/202/121 187/201/121
f 188/202/121 190/204/122 189/203/122
f 190/204/122 192/1257/123 191/205/123
f 136/208/94 134/1258/94 132/1259/94
f 132/1259/94 194/1260/94 192/1261/94
f 192/1261/94 190/1262/94 188/1263/94
f 188/1263/94 186/1264/94 184/1265/94
f 184/1265/94 182/1266/94 180/1267/94
f 180/1267/94 178/1268/94 176/1269/94
f 176/1269/94 174/1270/94 172/1271/94
f 172/1271/94 170/1272/94 168/206/94
f 168/206/94 166/1273/94 164/1274/94
f 164/1274/94 162/1275/94 160/1276/94
f 160/1276/94 158/1277/94 156/1278/94
f 156/1278/94 154/1279/94 152/207/94
f 152/207/94 150/1280/94 148/1281/94
f 148/1281/94 146/1282/94 144/1283/94
f 144/1283/94 142/1284/94 140/1285/94
f 140/1285/94 138/1286/94 136/208/94
f 136/208/94 132/1259/94 192/1261/94
f 192/1261/94 188/1263/94 184/1265/94
f 184/1265/94 180/1267/94 176/1269/94
f 176/1269/94 172/1271/94 168/206/94
f 168/206/94 164/1274/94 160/1276/94
f 160/1276/94 156/1278/94 152/207/94
f 152/207/94 148/1281/94 144/1283/94
f 144/1283/94 140/1285/94 136/208/94
f 136/208/94 192/1261/94 184/1265/94
f 184/1265/94 176/1269/94 168/206/94
f 168/206/94 160/1276/94 152/207/94
f 152/207/94 144/1283/94 136/208/94
f 136/208/94 184/1265/94 168/206/94
f 192/209/123 194/212/124 193/210/124
f 194/212/124 132/142/63 131/144/63
f 193/215/96 131/1287/96 133/1288/96
f 133/1288/96 135/1289/96 137/1290/96
f 137/1290/96 139/1291/96 141/1292/96
f 141/1292/96 143/1293/96 145/1294/96
f 145/1294/96 147/1295/96 149/1296/96
f 149/1296/96 151/1297/96 153/1298/96
f 153/1298/96 155/1299/96 157/1300/96
f 157/1300/96 159/1301/96 161/213/96
f 161/213/96 163/1302/96 165/1303/96
f 165/1303/96 167/1304/96 169/1305/96
f 169/1305/96 171/1306/96 173/1307/96
f 173/1307/96 175/1308/96 177/214/96
f 177/214/96 179/1309/96 181/1310/96
f 181/1310/96 183/1311/96 185/1312/96
f 185/1312/96 187/1313/96 189/1314/96
f 189/1314/96 191/1315/96 193/215/96
f 193/215/96 133/1288/96 137/1290/96
f 137/1290/96 141/1292/96 145/1294/96
f 145/1294/96 149/1296/96 153/1298/96
f 153/1298/96 157/1300/96 161/213/96
f 161/213/96 165/1303/96 169/1305/96
f 169/1305/96 173/1307/96 177/214/96
f 177/214/96 181/1310/96 185/1312/96
f 185/1312/96 189/1314/96 193/215/96
f 193/215/96 137/1290/96 145/1294/96
f 145/1294/96 153/1298/96 161/213/96
f 161/213/96 169/1305/96 177/214/96
f 177/214/96 185/1312/96 193/215/96
f 193/215/96 145/1294/96 161/213/96
f 241/216/125 195/232/1535 197/217/126
f 198/219/128 196/235/1536 242/220/129
f 239/218/131 197/217/1537 199/222/132
f 200/224/134 198/219/1538 240/221/135
f 197/226/137 203/241/1539 201/227/138
f 202/229/140 204/244/1540 198/230/141
f 195/232/143 205/1316/1541 203/233/144
f 204/234/146 206/240/1542 196/235/147
f 205/236/149 207/250/1543 209/237/150
f 210/239/152 208/1317/1544 206/240/153
f 203/241/155 209/1318/1545 211/242/156
f 212/243/158 210/1319/1546 204/244/159
f 215/245/161 213/257/1547 211/246/162
f 216/247/164 210/252/1548 212/248/165
f 207/250/167 217/253/1549 215/245/168
f 216/247/170 218/256/1550 208/251/171
f 217/253/173 219/266/1551 221/254/174
f 222/255/176 220/1320/1552 218/256/177
f 221/254/179 223/1321/1553 213/257/180
f 222/255/182 216/247/1554 214/249/183
f 227/259/185 225/276/1555 223/260/186
f 228/262/188 222/1322/1556 224/263/189
f 229/265/191 227/1323/1557 221/254/192
f 230/267/194 220/1324/1558 222/268/195
f 231/270/197 233/280/1559 227/271/198
f 232/273/200 230/267/1560 228/269/201
f 233/275/203 235/1325/1561 225/276/204
f 234/277/206 228/262/1562 226/264/207
f 239/218/209 237/223/1563 235/279/210
f 240/221/212 234/274/1564 236/281/213
f 241/216/215 239/218/1565 233/280/216
f 242/220/218 232/273/1566 234/274/219
f 231/282/221 245/1326/1567 243/283/222
f 232/285/224 242/1327/1568 244/286/225
f 229/288/227 247/295/1569 245/289/228
f 230/291/230 232/1328/1570 246/292/231
f 219/294/233 249/1329/1571 247/295/234
f 220/296/236 230/291/1572 248/293/237
f 217/298/239 251/305/1573 249/299/240
f 218/301/242 220/1330/1574 250/302/243
f 217/298/245 207/1331/1575 253/304/246
f 254/306/248 208/1332/1576 218/301/249
f 207/307/251 205/313/1577 257/308/252
f 258/310/254 206/316/1578 208/311/255
f 205/313/257 195/1333/1579 259/314/258
f 260/315/260 196/1334/1580 206/316/261
f 195/317/263 241/284/1581 243/283/264
f 244/286/266 242/1327/1582 196/319/267
f 368/342/285 370/346/1583 285/343/286
f 369/345/288 284/350/1584 285/343/289
f 366/347/291 368/342/1585 283/344/292
f 367/349/294 282/740/1586 284/350/295
f 279/351/297 364/358/1587 366/352/298
f 367/354/300 365/359/1588 280/355/301
f 277/357/303 362/362/1589 364/358/304
f 365/359/306 363/363/1590 278/360/307
f 275/361/309 360/462/1591 362/362/310
f 363/363/312 361/465/1592 276/364/313
f 273/365/315 286/770/1593 340/366/316
f 341/368/318 287/772/1594 274/369/319
f 288/371/321 342/378/1595 340/372/322
f 289/374/324 287/1335/1596 341/375/325
f 288/371/327 290/381/1597 344/377/328
f 345/379/330 291/1336/1598 289/374/331
f 292/380/333 346/385/1599 344/377/334
f 293/382/336 291/1336/1600 345/379/337
f 294/384/339 348/389/1601 346/385/340
f 295/386/342 293/382/1602 347/383/343
f 296/388/345 350/393/1603 348/389/346
f 297/390/348 295/386/1604 349/387/349
f 296/388/351 298/1337/1605 352/392/352
f 353/394/354 299/1338/1606 297/390/355
f 300/395/357 354/402/1607 352/396/358
f 301/398/360 299/691/1608 353/399/361
f 302/401/363 356/407/1609 354/402/364
f 303/403/366 301/1339/1610 355/404/367
f 261/406/369 262/445/1611 356/407/370
f 261/408/372 303/403/1612 357/405/373
f 322/410/375 354/1340/1613 356/411/376
f 323/413/378 305/1341/1614 357/414/379
f 322/416/381 373/418/1615 352/396/382
f 353/394/384 374/420/1616 323/413/385
f 350/417/387 352/396/1617 373/418/388
f 351/391/390 321/423/1618 374/420/391
f 348/421/393 350/417/1619 320/419/394
f 349/387/396 319/426/1620 321/423/397
f 346/424/399 348/421/1621 318/422/400
f 347/383/402 317/429/1622 319/426/403
f 344/427/405 346/424/1623 316/425/406
f 345/379/408 315/432/1624 317/429/409
f 342/378/411 344/377/1625 314/430/412
f 343/376/414 313/434/1626 315/432/415
f 340/372/417 342/378/1627 312/431/418
f 341/375/420 311/438/1628 313/434/421
f 358/435/423 340/372/1629 310/433/424
f 359/437/426 309/442/1630 311/438/427
f 308/439/429 375/450/1631 371/440/430
f 371/440/432 376/451/1632 309/442/433
f 356/411/435 262/1342/1633 306/443/436
f 357/414/438 305/1341/1634 307/444/439
f 306/446/441 262/445/1635 372/447/442
f 372/447/444 262/445/1636 307/444/445
f 375/450/447 377/448/1637 372/447/448
f 376/451/450 371/440/1638 372/447/451
f 329/452/453 331/1343/1639 370/346/454
f 370/453/456 331/561/1640 330/454/457
f 327/456/459 329/558/1641 368/457/460
f 369/455/462 330/454/1642 328/459/463
f 327/460/465 366/352/1643 364/358/466
f 328/459/468 326/466/1644 365/359/469
f 360/462/471 381/540/1645 379/463/472
f 380/464/474 382/470/1646 361/465/475
f 325/461/477 364/358/1647 362/362/478
f 363/363/480 365/359/1648 326/466/481
f 384/467/483 383/471/488 381/468/484
f 384/467/486 339/538/1649 382/470/487
f 381/468/489 383/471/494 263/472/490
f 382/470/492 380/464/1650 263/472/493
f 325/474/79 379/473/79 263/472/79
f 326/466/79 324/475/79 263/472/79
f 336/476/495 387/483/1651 385/477/496
f 386/479/498 388/484/1652 337/480/499
f 334/482/501 389/517/1653 387/483/502
f 388/484/504 390/1344/1654 335/485/505
f 391/486/507 389/514/1655 334/487/508
f 392/489/510 333/488/1656 335/490/511
f 265/492/1657 391/1345/1657 333/493/1657
f 338/498/514 385/1346/1658 264/499/515
f 339/501/517 384/500/1659 264/499/518
f 385/503/520 400/1347/520 402/504/520
f 386/506/521 264/1348/521 402/507/521
f 265/509/522 393/525/1660 394/510/523
f 395/512/525 393/1349/1661 265/495/526
f 391/486/528 394/1350/1662 396/513/529
f 397/515/531 395/1351/1663 392/489/532
f 396/516/534 398/1352/1664 387/483/535
f 397/518/537 390/1353/1665 388/519/538
f 387/521/540 398/1354/1666 400/522/541
f 401/508/543 399/520/1667 388/519/544
f 398/524/546 396/1355/1668 394/510/547
f 399/520/549 393/525/1669 395/526/550
f 393/525/552 402/507/1670 400/527/553
f 401/508/555 402/507/1671 393/525/556
f 333/528/558 334/532/1672 358/441/559
f 359/529/561 335/1356/1673 333/530/562
f 334/532/564 336/1357/1674 405/533/565
f 406/534/567 337/1358/1675 335/535/568
f 338/478/570 407/541/1676 405/537/571
f 339/538/573 337/1358/1677 406/534/574
f 381/540/576 360/462/1678 407/541/577
f 382/470/579 339/538/1679 408/539/580
f 403/542/582 407/541/1680 360/462/583
f 404/543/585 276/364/1681 361/465/586
f 409/544/588 405/537/1682 407/541/589
f 410/545/591 404/543/1683 408/539/592
f 273/546/594 358/1359/1684 405/537/595
f 406/547/597 359/1360/1685 274/548/598
f 324/550/600 266/577/1686 416/551/601
f 324/475/603 326/466/1687 417/553/604
f 327/456/606 325/474/1688 416/555/607
f 417/553/609 326/466/1689 328/459/610
f 329/558/612 327/456/1690 414/556/613
f 415/557/615 328/459/1691 330/454/616
f 331/561/618 329/558/1692 412/559/619
f 413/560/620 330/454/1693 331/561/621
f 412/563/622 423/569/622 425/564/622
f 413/566/624 411/565/1694 425/564/624
f 412/563/625 414/1361/1695 421/568/626
f 422/570/628 415/1362/1696 413/566/629
f 414/571/87 416/1363/87 419/572/87
f 420/574/71 417/1364/71 415/575/71
f 266/577/631 418/580/631 419/578/632
f 266/577/634 417/1365/1697 420/579/635
f 418/581/636 425/1366/1698 423/582/637
f 424/584/639 425/1366/1699 418/581/640
f 377/448/644 375/450/1700 428/588/645
f 429/590/647 376/1367/1701 378/591/648
f 306/446/650 377/448/1702 426/589/651
f 427/592/653 378/591/1703 307/594/654
f 306/446/656 448/593/1704 450/596/657
f 307/444/659 305/1341/1705 451/598/660
f 308/439/662 446/1368/1706 428/588/663
f 309/600/665 376/1367/1707 429/590/666
f 308/602/668 310/1369/1708 444/603/669
f 445/605/671 311/1370/1709 309/606/672
f 310/433/674 312/431/1710 442/608/675
f 443/610/677 313/434/1711 311/438/678
f 312/431/680 314/430/1712 440/612/681
f 441/613/683 315/432/1713 313/434/684
f 314/430/686 316/617/1714 438/614/687
f 439/615/689 317/429/1715 315/432/690
f 318/616/692 436/620/1716 438/614/693
f 319/426/695 317/429/1717 439/615/696
f 320/619/698 434/623/1718 436/620/699
f 321/423/701 319/426/1719 437/618/702
f 320/619/704 373/1371/1720 430/622/705
f 431/624/707 374/420/1721 321/423/708
f 373/418/710 322/416/1722 432/625/711
f 433/627/713 323/413/1723 374/420/714
f 322/416/716 304/597/1724 450/596/717
f 451/598/719 305/1341/1725 323/413/720
f 450/628/722 452/671/1726 470/629/723
f 451/598/725 433/627/1727 471/631/726
f 430/626/728 432/625/1728 470/633/729
f 471/631/731 433/627/1729 431/624/732
f 430/626/734 472/634/1730 468/636/735
f 431/638/737 435/644/1731 469/639/738
f 434/641/740 468/1372/1732 466/642/741
f 435/644/743 437/1373/1733 467/645/744
f 438/646/746 436/1374/1734 466/647/747
f 467/649/749 437/1375/1735 439/650/750
f 438/646/752 464/648/1736 462/652/753
f 439/650/755 441/1376/1737 463/654/756
f 442/655/758 440/653/1738 462/652/759
f 463/657/761 441/613/1739 443/610/762
f 442/655/764 460/656/1740 458/659/765
f 443/610/767 445/611/1741 459/661/768
f 444/662/770 458/1377/1742 456/663/771
f 445/611/773 447/1378/1743 457/665/774
f 428/666/776 446/664/776 456/663/776
f 457/665/777 447/1378/777 429/668/777
f 450/628/778 448/673/1744 454/670/779
f 455/672/781 449/599/1745 451/598/782
f 448/673/784 426/676/1746 476/674/785
f 477/675/787 427/677/1747 449/599/788
f 426/676/790 428/666/1748 474/667/791
f 475/669/793 429/668/1749 427/677/794
f 261/678/796 302/1379/1750 478/679/797
f 479/681/799 303/1380/1751 261/678/800
f 302/682/802 300/1381/1752 480/683/803
f 481/685/805 301/1382/1753 303/686/806
f 298/688/808 482/695/1754 480/689/809
f 299/691/811 301/398/1755 481/692/812
f 296/694/814 484/700/1756 482/695/815
f 297/696/817 299/1383/1757 483/697/818
f 294/699/820 486/705/1758 484/700/821
f 295/701/823 297/1384/1759 485/702/824
f 294/699/826 292/1385/1760 488/704/827
f 489/706/829 293/1386/1761 295/701/830
f 290/707/832 490/1387/1762 488/708/833
f 291/710/835 293/1388/1763 489/711/836
f 290/713/838 288/719/1764 492/714/839
f 493/716/841 289/722/1765 291/717/842
f 288/719/844 286/770/1766 494/720/845
f 495/721/847 287/772/1767 289/722/848
f 503/723/850 522/755/1768 532/724/851
f 503/726/853 502/1389/1769 533/727/854
f 502/725/856 532/724/1770 530/729/857
f 502/725/859 501/730/1771 531/731/860
f 501/730/862 530/729/1772 534/733/863
f 501/730/865 500/734/1773 535/735/866
f 283/344/868 285/343/1774 500/736/869
f 500/736/871 285/343/1775 284/350/872
f 281/348/874 283/344/1776 534/737/875
f 535/738/877 284/350/1777 282/740/878
f 279/742/880 281/1390/1778 528/743/881
f 529/745/883 282/1391/1779 280/746/884
f 277/748/886 279/742/1780 524/744/887
f 525/747/889 280/746/1781 278/750/890
f 524/744/892 530/729/1782 532/724/893
f 533/732/895 531/731/1783 525/752/896
f 528/743/898 534/733/1784 530/729/899
f 529/754/901 525/752/1785 531/731/902
f 526/749/904 532/724/1786 522/755/905
f 527/751/907 521/761/1787 523/757/908
f 275/759/910 277/748/1788 526/749/911
f 527/751/913 278/750/1789 276/760/914
f 536/762/916 538/1392/1790 409/544/917
f 537/763/919 404/766/1791 410/549/920
f 520/765/922 536/762/1792 403/542/923
f 521/761/925 276/760/1793 404/766/926
f 409/544/928 538/1392/1794 540/767/929
f 410/549/931 274/548/1795 541/768/932
f 540/769/934 494/720/1796 286/770/935
f 541/771/937 274/369/1797 287/772/938
f 518/773/940 546/903/1798 498/774/941
f 519/776/943 271/1393/1799 498/777/944
f 546/779/946 544/876/1800 272/780/947
f 547/782/949 498/781/1801 272/780/950
f 272/780/952 544/876/1802 542/784/953
f 543/786/955 545/783/1803 272/780/956
f 499/785/958 542/784/1804 522/787/959
f 523/728/961 543/786/1805 499/785/962
f 522/788/964 542/886/1806 536/762/965
f 523/757/967 521/761/1807 537/763/968
f 490/790/970 492/1394/1808 512/791/971
f 513/793/973 493/1395/1809 491/712/974
f 510/795/976 518/773/1810 271/775/977
f 511/797/979 270/796/1811 271/775/980
f 552/799/982 550/834/1812 497/800/983
f 553/802/985 496/801/1813 497/800/986
f 497/800/988 550/834/1814 548/804/989
f 549/806/991 551/803/1815 497/800/992
f 269/807/994 548/1396/1816 510/795/995
f 511/808/997 549/833/1817 269/809/998
f 486/705/1000 488/704/1818 556/811/1001
f 557/813/1003 489/706/1819 487/703/1004
f 558/812/1006 556/811/1820 562/815/1007
f 563/817/1009 557/813/1821 559/814/1010
f 560/816/1012 562/815/1822 564/819/1013
f 565/821/1015 563/817/1823 561/818/1016
f 566/820/1018 564/819/1824 570/823/1019
f 571/825/1021 565/870/1825 567/826/1022
f 572/828/1024 568/832/1826 570/829/1025
f 573/831/1027 509/1150/1827 571/825/1028
f 510/795/1030 548/1396/1828 568/832/1031
f 569/827/1033 549/833/1829 511/808/1034
f 548/804/1036 550/834/1830 566/820/1037
f 567/826/1039 551/836/1831 549/833/1040
f 550/834/1042 552/799/1832 560/816/1043
f 561/835/1045 553/1397/1833 551/836/1046
f 552/837/1048 554/845/1834 558/838/1049
f 559/840/1051 555/848/1835 553/841/1052
f 486/705/1054 558/812/1836 554/843/1055
f 487/703/1057 485/702/1837 555/844/1058
f 554/845/1060 552/837/1838 496/846/1061
f 555/848/1063 268/1398/1839 496/849/1064
f 478/850/1066 480/1399/1840 482/851/1067
f 483/853/1069 481/685/1841 479/687/1070
f 478/855/1072 484/700/1842 554/843/1073
f 555/844/1075 485/702/1843 479/857/1076
f 490/790/1080 504/792/1844 556/863/1081
f 491/712/1083 489/711/1845 557/865/1084
f 504/792/1086 506/868/1846 562/866/1087
f 563/867/1089 507/871/1847 505/794/1090
f 506/868/1092 576/873/1848 564/869/1093
f 565/870/1095 577/875/1849 507/871/1096
f 570/872/1098 564/869/1850 576/873/1099
f 571/825/1101 509/1150/1851 577/875/1102
f 544/876/1104 580/897/1852 578/877/1105
f 545/783/1107 543/786/1853 579/878/1108
f 578/877/1110 580/897/1854 514/880/1111
f 579/878/1113 513/883/1855 515/882/1114
f 492/714/1116 494/720/1856 578/877/1117
f 579/878/1119 495/721/1857 493/716/1120
f 494/720/1122 538/1400/1858 536/884/1123
f 537/885/1125 539/1401/1859 495/721/1126
f 516/894/1132 574/902/1860 572/828/1133
f 517/895/1135 509/1150/1861 573/831/1136
f 572/828/1138 574/902/1862 518/773/1139
f 573/831/1141 511/808/1863 519/776/1142
f 580/897/1144 574/1402/1864 516/898/1145
f 581/879/1147 515/882/1865 517/899/1148
f 546/779/1150 574/1402/1866 580/897/1151
f 547/778/1153 545/1403/1867 581/901/1154
f 582/904/1158 608/991/1868 596/905/1159
f 583/907/1161 595/913/1869 597/908/1162
f 594/906/1164 596/905/1870 598/910/1165
f 599/912/1167 597/908/1871 595/913/1168
f 598/915/1170 600/920/1872 590/916/1171
f 599/912/1173 593/914/1873 591/918/1174
f 600/920/1176 602/943/1874 588/921/1177
f 601/919/1179 591/918/1875 589/922/1180
f 602/924/1182 604/933/1876 586/925/1183
f 603/923/1185 589/922/1877 587/927/1186
f 586/925/1188 604/933/1878 606/929/1189
f 607/931/1191 605/928/1879 587/927/1192
f 604/933/1194 614/1404/1880 612/934/1195
f 613/935/1197 615/1405/1881 605/928/1198
f 602/936/1200 616/1049/1882 614/937/1201
f 615/939/1203 617/1051/1883 603/940/1204
f 618/942/1206 616/1406/1884 602/943/1207
f 619/944/1209 601/949/1885 603/945/1210
f 620/947/1212 618/942/1886 600/920/1213
f 621/948/1215 599/1407/1887 601/949/1216
f 622/950/1218 620/1408/1888 598/910/1219
f 623/951/1221 597/908/1889 599/912/1222
f 596/905/1224 608/991/1890 610/953/1225
f 611/954/1227 609/909/1891 597/908/1228
f 514/880/1230 638/1409/1892 636/955/1231
f 515/882/1233 513/883/1893 637/956/1234
f 584/958/1236 606/1410/1894 638/959/1237
f 585/932/1239 515/1411/1895 639/961/1240
f 504/792/1242 512/791/1896 636/962/1243
f 637/963/1245 513/793/1897 505/794/1246
f 576/964/1248 624/1412/1898 608/965/1249
f 609/909/1251 625/992/1899 577/967/1252
f 606/968/1254 612/1054/1900 634/969/1255
f 635/971/1257 613/1413/1901 607/972/1258
f 640/974/1260 638/996/1902 634/975/1261
f 641/977/1263 633/981/1903 635/978/1264
f 628/979/1266 640/974/1904 632/976/1267
f 633/981/1268 641/977/1905 629/982/1269
f 642/984/1270 640/974/1906 628/979/1271
f 643/986/1273 627/990/1907 629/982/1274
f 642/984/1276 626/985/1908 644/987/1277
f 643/986/1279 625/992/1909 645/989/1280
f 624/988/1282 644/987/1910 610/953/1283
f 625/992/1285 609/909/1911 611/954/1286
f 506/868/1288 642/984/1912 624/988/1289
f 625/993/1291 643/994/1913 507/871/1292
f 636/962/1294 640/974/1914 642/984/1295
f 637/963/1297 507/871/1915 643/994/1298
f 610/953/1302 644/987/1916 646/998/1303
f 647/1000/1305 645/1414/1917 611/1001/1306
f 626/985/1308 656/1415/1918 646/998/1309
f 627/1003/1311 645/1416/1919 647/1004/1312
f 626/1006/1314 628/1417/1920 654/1007/1314
f 655/1009/1316 629/1418/1921 627/1010/1316
f 630/1012/1318 652/1419/1922 654/1013/1319
f 631/1015/1321 629/1420/1923 655/1016/1322
f 632/976/1324 650/1421/1924 652/1018/1325
f 633/1019/1327 631/1422/1925 653/1020/1328
f 632/1022/1330 634/1423/1926 648/1023/1331
f 649/1025/1333 635/1424/1927 633/1026/1334
f 634/969/1336 612/1054/1928 668/1028/1337
f 669/1030/1338 613/1413/1929 635/971/1339
f 622/950/1340 610/953/1930 670/999/1341
f 671/1002/1343 611/1001/1931 623/1033/1344
f 620/1035/1346 622/1425/1932 658/1036/1347
f 659/1034/1349 623/1033/1933 621/1038/1350
f 618/1040/1352 620/1426/1934 660/1041/1353
f 661/1043/1355 621/1427/1935 619/1044/1356
f 618/1040/1358 662/1042/1936 664/1046/1359
f 619/1044/1361 617/1428/1937 665/1048/1362
f 616/1049/1364 664/1429/1938 666/1050/1365
f 617/1051/1367 615/939/1939 667/1052/1368
f 614/937/1370 666/1050/1940 668/1028/1371
f 615/939/1373 613/1413/1941 669/1030/1374
f 650/1055/1376 674/1430/1942 672/1056/1377
f 651/1058/1379 653/1083/1943 673/1059/1380
f 674/1061/1382 676/1431/1944 678/1062/1383
f 675/1060/1385 673/1059/1945 679/1064/1386
f 678/1062/1388 676/1431/1946 682/1066/1389
f 683/1068/1391 677/1065/1947 679/1064/1392
f 682/1070/1394 684/1432/1948 686/1071/1395
f 683/1068/1397 681/1069/1949 687/1073/1398
f 658/1032/1400 670/999/1950 680/1067/1401
f 681/1069/1403 671/1077/1951 659/1076/1404
f 678/1062/1406 680/1067/1952 670/999/1407
f 679/1064/1409 647/1433/1953 671/1077/1410
f 656/1078/1412 672/1056/1954 678/1079/1413
f 657/1081/1415 647/1433/1955 679/1064/1416
f 652/1057/1418 672/1056/1956 656/1078/1419
f 657/1081/1420 673/1059/1957 653/1083/1421
f 668/1028/1422 674/1434/1958 650/1085/1423
f 669/1030/1425 649/1031/1959 651/1086/1426
f 666/1088/1428 676/1431/1960 674/1061/1429
f 675/1060/1431 677/1065/1961 667/1090/1432
f 682/1066/1434 676/1431/1962 666/1088/1435
f 683/1068/1437 665/1095/1963 667/1090/1438
f 684/1093/1440 682/1066/1964 664/1092/1441
f 685/1074/1443 663/1098/1965 665/1095/1444
f 660/1096/1446 686/1075/1966 684/1093/1447
f 685/1074/1449 687/1073/1967 661/1097/1450
f 586/1099/1454 584/1151/1968 698/1100/1455
f 699/1102/1457 585/1152/1969 587/1103/1458
f 588/1105/1460 586/1099/1970 696/1101/1461
f 697/1104/1463 587/1103/1971 589/1107/1464
f 588/1109/1466 694/1435/1972 692/1110/1467
f 589/1112/1469 591/1117/1973 693/1113/1470
f 590/1111/1472 692/1110/1974 690/1115/1473
f 591/1117/1475 593/1436/1975 691/1118/1476
f 592/1119/1478 690/1437/1976 688/1120/1479
f 593/1122/1481 595/1127/1977 689/1123/1482
f 594/1121/1484 688/1120/1978 700/1125/1485
f 595/1127/1487 583/1438/1979 701/1128/1488
f 696/1129/1490 698/1439/1980 700/1130/1491
f 697/1132/1493 689/1139/1981 701/1133/1494
f 688/1135/1496 690/1140/1982 694/1136/1497
f 695/1138/1499 691/1440/1983 689/1139/1500
f 576/1142/1504 582/1441/1984 700/1143/1505
f 577/1145/1507 509/1442/1985 701/1146/1508
f 508/830/1510 700/1443/1986 698/1148/1511
f 699/1149/1513 701/1444/1987 509/1150/1514
f 514/880/1516 516/898/1988 698/1100/1517
f 699/1102/1519 517/899/1989 515/882/1520
